,data_model_column,graph_size_column,train_nodes_fraction_column,label_noise_fraction_column,attack_edges_per_sybil,algorithm,seed,AUC,accuracy,precision,recall,F1,runtime,pretrain_runtime
0,BA,2000,0.05,0.0,2,SybilRank,42,0.999973,0.9978947368421053,0.9978947368421053,0.9978947368421053,0.9978947368421053,87,
1,BA,2000,0.05,0.0,2,SybilBelief,42,0.999922,0.9973684210526316,0.9968454258675079,0.9978947368421053,0.997369805365597,158,
2,BA,2000,0.05,0.0,2,SybilSCAR,42,0.9940399999999999,0.6010526315789474,1.0,0.20210526315789473,0.3362521891418564,30,
3,BA,2000,0.05,0.0,2,SybilGCN_L2_noDropout,42,0.9731430000000001,0.5068421052631579,1.0,0.01368421052631579,0.02699896157840083,7131,
4,BA,2000,0.05,0.0,2,SybilGCN_L4_noDropout,42,0.999097,0.6978947368421052,1.0,0.3957894736842105,0.5671191553544495,11390,
5,BA,2000,0.05,0.0,2,SybilGCN_L8_noDropout,42,0.999476,0.9673684210526315,1.0,0.9347368421052632,0.9662676822633297,20950,
6,BA,2000,0.05,0.0,2,SybilRGCN_L2_noDropout,42,0.884929,0.511578947368421,0.75,0.034736842105263156,0.06639839034205232,7964,
7,BA,2000,0.05,0.0,2,SybilGAT_L2,42,0.9537160000000001,0.5715789473684211,0.9722222222222222,0.14736842105263157,0.25594149908592323,778,
8,BA,2000,0.05,0.0,2,SybilGAT_L4,42,0.999322,0.9757894736842105,0.9988962472406181,0.9526315789473684,0.9752155172413793,1873,
9,BA,2000,0.05,0.0,2,SybilGAT_L8,42,0.999952,0.9726315789473684,1.0,0.9452631578947368,0.9718614718614719,2491,
10,BA,2000,0.05,0.0,2,SybilRank,43,0.999992,0.9989473684210526,0.9989473684210526,0.9989473684210526,0.9989473684210526,73,
11,BA,2000,0.05,0.0,2,SybilBelief,43,0.999994,0.9989473684210526,0.9989473684210526,0.9989473684210526,0.9989473684210526,106,
12,BA,2000,0.05,0.0,2,SybilSCAR,43,0.98905,0.9389473684210526,0.9056420233463035,0.98,0.9413549039433772,28,
13,BA,2000,0.05,0.0,2,SybilGCN_L2_noDropout,43,0.968542,0.6168421052631579,0.9911504424778761,0.23578947368421052,0.38095238095238093,7213,
14,BA,2000,0.05,0.0,2,SybilGCN_L4_noDropout,43,0.999249,0.94,0.9988066825775657,0.8810526315789474,0.9362416107382551,12226,
15,BA,2000,0.05,0.0,2,SybilGCN_L8_noDropout,43,0.999806,0.97,1.0,0.94,0.9690721649484536,22266,
16,BA,2000,0.05,0.0,2,SybilRGCN_L2_noDropout,43,0.974278,0.5042105263157894,1.0,0.008421052631578947,0.016701461377870562,8286,
17,BA,2000,0.05,0.0,2,SybilGAT_L2,43,0.9698209999999998,0.5036842105263157,1.0,0.007368421052631579,0.014629049111807733,1745,
18,BA,2000,0.05,0.0,2,SybilGAT_L4,43,0.999418,0.8863157894736842,0.998641304347826,0.7736842105263158,0.8718861209964412,2456,
19,BA,2000,0.05,0.0,2,SybilGAT_L8,43,0.9999049999999999,0.9468421052631579,1.0,0.8936842105263157,0.9438576987215119,4775,
20,BA,2000,0.05,0.0,2,SybilRank,44,0.99998,0.9978947368421053,0.9978947368421053,0.9978947368421053,0.9978947368421053,72,
21,BA,2000,0.05,0.0,2,SybilBelief,44,0.9999629999999999,0.9968421052631579,0.9989429175475687,0.9947368421052631,0.9968354430379747,112,
22,BA,2000,0.05,0.0,2,SybilSCAR,44,0.992336,0.9484210526315789,0.9733333333333334,0.9221052631578948,0.947027027027027,29,
23,BA,2000,0.05,0.0,2,SybilGCN_L2_noDropout,44,0.973819,0.5052631578947369,1.0,0.010526315789473684,0.020833333333333332,7456,
24,BA,2000,0.05,0.0,2,SybilGCN_L4_noDropout,44,0.999061,0.8821052631578947,1.0,0.7642105263157895,0.8663484486873508,12582,
25,BA,2000,0.05,0.0,2,SybilGCN_L8_noDropout,44,0.999592,0.9678947368421053,1.0,0.9357894736842105,0.9668297988036977,22576,
26,BA,2000,0.05,0.0,2,SybilRGCN_L2_noDropout,44,0.9361229999999999,0.5,inf,0.0,0.0,8349,
27,BA,2000,0.05,0.0,2,SybilGAT_L2,44,0.963761,0.5157894736842106,1.0,0.031578947368421054,0.061224489795918366,1224,
28,BA,2000,0.05,0.0,2,SybilGAT_L4,44,0.9996280000000001,0.5263157894736842,1.0,0.05263157894736842,0.1,1305,
29,BA,2000,0.05,0.0,2,SybilGAT_L8,44,0.999961,0.9663157894736842,1.0,0.9326315789473684,0.9651416122004357,2764,
30,BA,2000,0.05,0.0,2,SybilRank,45,0.999966,0.9968421052631579,0.9968421052631579,0.9968421052631579,0.9968421052631579,72,
31,BA,2000,0.05,0.0,2,SybilBelief,45,0.999956,0.9963157894736843,0.9957939011566772,0.9968421052631579,0.9963177275118359,118,
32,BA,2000,0.05,0.0,2,SybilSCAR,45,0.9846529999999999,0.9289473684210526,0.8975609756097561,0.968421052631579,0.9316455696202531,29,
33,BA,2000,0.05,0.0,2,SybilGCN_L2_noDropout,45,0.9652400000000001,0.5152631578947369,1.0,0.030526315789473683,0.059244126659857,7461,
34,BA,2000,0.05,0.0,2,SybilGCN_L4_noDropout,45,0.998866,0.7978947368421052,1.0,0.5957894736842105,0.7467018469656992,12625,
35,BA,2000,0.05,0.0,2,SybilGCN_L8_noDropout,45,0.999572,0.9805263157894737,1.0,0.9610526315789474,0.9801395598497048,22722,
36,BA,2000,0.05,0.0,2,SybilRGCN_L2_noDropout,45,0.900668,0.5052631578947369,1.0,0.010526315789473684,0.020833333333333332,8335,
37,BA,2000,0.05,0.0,2,SybilGAT_L2,45,0.9561299999999999,0.5021052631578947,1.0,0.004210526315789474,0.008385744234800839,1507,
38,BA,2000,0.05,0.0,2,SybilGAT_L4,45,0.9992240000000001,0.6510526315789473,1.0,0.3021052631578947,0.46402586903799514,1747,
39,BA,2000,0.05,0.0,2,SybilGAT_L8,45,0.9998819999999999,0.9084210526315789,1.0,0.8168421052631579,0.899188876013905,2774,
40,BA,2000,0.05,0.0,2,SybilRank,46,0.999998,0.9989473684210526,0.9989473684210526,0.9989473684210526,0.9989473684210526,72,
41,BA,2000,0.05,0.0,2,SybilBelief,46,0.999979,0.9978947368421053,0.9968487394957983,0.9989473684210526,0.9978969505783386,112,
42,BA,2000,0.05,0.0,2,SybilSCAR,46,0.9864589999999999,0.9315789473684211,0.9691075514874142,0.891578947368421,0.9287280701754386,109,
43,BA,2000,0.05,0.0,2,SybilGCN_L2_noDropout,46,0.9695710000000001,0.5168421052631579,1.0,0.03368421052631579,0.06517311608961303,7429,
44,BA,2000,0.05,0.0,2,SybilGCN_L4_noDropout,46,0.999548,0.8952631578947369,1.0,0.7905263157894736,0.8830099941211053,12434,
45,BA,2000,0.05,0.0,2,SybilGCN_L8_noDropout,46,0.999716,0.9510526315789474,1.0,0.9021052631578947,0.9485334809075816,22990,
46,BA,2000,0.05,0.0,2,SybilRGCN_L2_noDropout,46,0.963634,0.5,inf,0.0,0.0,8313,
47,BA,2000,0.05,0.0,2,SybilGAT_L2,46,0.959083,0.5057894736842106,1.0,0.011578947368421053,0.022892819979188347,1723,
48,BA,2000,0.05,0.0,2,SybilGAT_L4,46,0.999484,0.7452631578947368,1.0,0.4905263157894737,0.6581920903954802,1705,
49,BA,2000,0.05,0.0,2,SybilGAT_L8,46,0.999999,0.8952631578947369,1.0,0.7905263157894736,0.8830099941211053,2826,
50,BA,2000,0.05,0.0,4,SybilRank,42,0.995302,0.9642105263157895,0.9642105263157895,0.9642105263157895,0.9642105263157895,80,
51,BA,2000,0.05,0.0,4,SybilBelief,42,0.9862899999999999,0.9384210526315789,0.9612403100775194,0.9136842105263158,0.9368591473286563,164,
52,BA,2000,0.05,0.0,4,SybilSCAR,42,0.909718,0.5194736842105263,0.9111111111111111,0.0431578947368421,0.08241206030150754,33,
53,BA,2000,0.05,0.0,4,SybilGCN_L2_noDropout,42,0.901355,0.5063157894736842,1.0,0.01263157894736842,0.02494802494802495,8039,
54,BA,2000,0.05,0.0,4,SybilGCN_L4_noDropout,42,0.96744,0.6447368421052632,0.992831541218638,0.29157894736842105,0.45077298616761596,13770,
55,BA,2000,0.05,0.0,4,SybilGCN_L8_noDropout,42,0.9756400000000001,0.9142105263157895,0.912041884816754,0.9168421052631579,0.9144356955380577,3767,
56,BA,2000,0.05,0.0,4,SybilRGCN_L2_noDropout,42,0.9211860000000001,0.5026315789473684,1.0,0.005263157894736842,0.010471204188481676,8847,
57,BA,2000,0.05,0.0,4,SybilGAT_L2,42,0.8888849999999998,0.6142105263157894,0.8677966101694915,0.2694736842105263,0.41124497991967873,1420,
58,BA,2000,0.05,0.0,4,SybilGAT_L4,42,0.9628399999999999,0.8289473684210527,0.7597672485453034,0.9621052631578947,0.8490478402229448,2491,
59,BA,2000,0.05,0.0,4,SybilGAT_L8,42,0.9946510000000001,0.9342105263157895,0.8858746492048644,0.9968421052631579,0.9380881624566617,2482,
60,BA,2000,0.05,0.0,4,SybilRank,43,0.995036,0.9636842105263158,0.964172813487882,0.9631578947368421,0.9636650868878357,80,
61,BA,2000,0.05,0.0,4,SybilBelief,43,0.9888109999999999,0.9452631578947368,0.9471458773784355,0.9431578947368421,0.9451476793248945,166,
62,BA,2000,0.05,0.0,4,SybilSCAR,43,0.8813129999999999,0.7047368421052631,0.645041014168531,0.9105263157894737,0.7551287647315583,32,
63,BA,2000,0.05,0.0,4,SybilGCN_L2_noDropout,43,0.8832955,0.5347368421052632,0.9852941176470589,0.07052631578947369,0.13163064833005894,8206,
64,BA,2000,0.05,0.0,4,SybilGCN_L4_noDropout,43,0.964181,0.791578947368421,0.9859649122807017,0.5915789473684211,0.7394736842105263,14409,
65,BA,2000,0.05,0.0,4,SybilGCN_L8_noDropout,43,0.9737899999999999,0.8742105263157894,0.9622886866059818,0.7789473684210526,0.8609656777196044,25287,
66,BA,2000,0.05,0.0,4,SybilRGCN_L2_noDropout,43,0.8977229999999999,0.5031578947368421,1.0,0.00631578947368421,0.012552301255230125,8953,
67,BA,2000,0.05,0.0,4,SybilGAT_L2,43,0.892738,0.501578947368421,1.0,0.003157894736842105,0.0062959076600209865,2412,
68,BA,2000,0.05,0.0,4,SybilGAT_L4,43,0.9744010000000001,0.8905263157894737,0.9602977667493796,0.8147368421052632,0.8815489749430524,2119,
69,BA,2000,0.05,0.0,4,SybilGAT_L8,43,0.994608,0.9168421052631579,0.9962406015037594,0.8368421052631579,0.9096109839816934,3797,
70,BA,2000,0.05,0.0,4,SybilRank,44,0.994544,0.9642105263157895,0.9651898734177216,0.9631578947368421,0.964172813487882,80,
71,BA,2000,0.05,0.0,4,SybilBelief,44,0.985322,0.9336842105263158,0.9557522123893806,0.9094736842105263,0.9320388349514563,163,
72,BA,2000,0.05,0.0,4,SybilSCAR,44,0.8965710000000001,0.7836842105263158,0.874826147426982,0.6621052631578948,0.7537447573397243,34,
73,BA,2000,0.05,0.0,4,SybilGCN_L2_noDropout,44,0.8959929999999999,0.501578947368421,1.0,0.003157894736842105,0.0062959076600209865,8113,
74,BA,2000,0.05,0.0,4,SybilGCN_L4_noDropout,44,0.9658739999999999,0.6947368421052632,0.9973118279569892,0.39052631578947367,0.5612708018154312,13855,
75,BA,2000,0.05,0.0,4,SybilGCN_L8_noDropout,44,0.012637999999999998,0.5,inf,0.0,0.0,349,
76,BA,2000,0.05,0.0,4,SybilRGCN_L2_noDropout,44,0.8912490000000001,0.5078947368421053,1.0,0.015789473684210527,0.031088082901554404,8701,
77,BA,2000,0.05,0.0,4,SybilGAT_L2,44,0.905934,0.5021052631578947,1.0,0.004210526315789474,0.008385744234800839,1886,
78,BA,2000,0.05,0.0,4,SybilGAT_L4,44,0.956575,0.8247368421052632,0.9873617693522907,0.6578947368421053,0.7896399241945673,3536,
79,BA,2000,0.05,0.0,4,SybilGAT_L8,44,0.994901,0.9084210526315789,0.9974358974358974,0.8189473684210526,0.8994219653179191,1806,
80,BA,2000,0.05,0.0,4,SybilRank,45,0.9943310000000001,0.9542105263157895,0.9546891464699684,0.9536842105263158,0.9541864139020537,79,
81,BA,2000,0.05,0.0,4,SybilBelief,45,0.987478,0.9368421052631579,0.959070796460177,0.9126315789473685,0.9352750809061489,162,
82,BA,2000,0.05,0.0,4,SybilSCAR,45,0.862135,0.7857894736842105,0.7409050576752441,0.8789473684210526,0.8040442946557534,33,
83,BA,2000,0.05,0.0,4,SybilGCN_L2_noDropout,45,0.885669,0.5057894736842106,1.0,0.011578947368421053,0.022892819979188347,8148,
84,BA,2000,0.05,0.0,4,SybilGCN_L4_noDropout,45,0.963629,0.6568421052631579,1.0,0.3136842105263158,0.4775641025641026,13458,
85,BA,2000,0.05,0.0,4,SybilGCN_L8_noDropout,45,0.971834,0.8910526315789473,0.936545240893067,0.8389473684210527,0.8850638534147696,25100,
86,BA,2000,0.05,0.0,4,SybilRGCN_L2_noDropout,45,0.810163,0.5036842105263157,1.0,0.007368421052631579,0.014629049111807733,8836,
87,BA,2000,0.05,0.0,4,SybilGAT_L2,45,0.8831819999999999,0.5,inf,0.0,0.0,1631,
88,BA,2000,0.05,0.0,4,SybilGAT_L4,45,0.973363,0.5963157894736842,1.0,0.19263157894736843,0.323036187113857,1883,
89,BA,2000,0.05,0.0,4,SybilGAT_L8,45,0.9940715,0.7573684210526316,1.0,0.5147368421052632,0.6796386379430159,2268,
90,BA,2000,0.05,0.0,4,SybilRank,46,0.9964160000000001,0.9710526315789474,0.9725448785638859,0.9694736842105263,0.9710068529256721,80,
91,BA,2000,0.05,0.0,4,SybilBelief,46,0.989507,0.95,0.9591836734693877,0.94,0.9494949494949495,163,
92,BA,2000,0.05,0.0,4,SybilSCAR,46,0.8774770000000001,0.7278947368421053,0.8700854700854701,0.5357894736842105,0.6631921824104234,33,
93,BA,2000,0.05,0.0,4,SybilGCN_L2_noDropout,46,0.8824380000000001,0.5221052631578947,1.0,0.04421052631578947,0.0846774193548387,7790,
94,BA,2000,0.05,0.0,4,SybilGCN_L4_noDropout,46,0.968084,0.6589473684210526,1.0,0.3178947368421053,0.48242811501597443,13514,
95,BA,2000,0.05,0.0,4,SybilGCN_L8_noDropout,46,0.974266,0.8557894736842105,0.9814814814814815,0.7252631578947368,0.8341404358353511,25145,
96,BA,2000,0.05,0.0,4,SybilRGCN_L2_noDropout,46,0.8205974999999999,0.5,0.5,0.0010526315789473684,0.0021008403361344537,8705,
97,BA,2000,0.05,0.0,4,SybilGAT_L2,46,0.8715760000000001,0.5247368421052632,1.0,0.049473684210526316,0.09428284854563691,1926,
98,BA,2000,0.05,0.0,4,SybilGAT_L4,46,0.973364,0.7952631578947369,0.9794871794871794,0.6031578947368421,0.7465798045602606,1448,
99,BA,2000,0.05,0.0,4,SybilGAT_L8,46,0.996095,0.7952631578947369,1.0,0.5905263157894737,0.7425545996029119,4484,
100,BA,2000,0.05,0.0,6,SybilRank,42,0.945918,0.8694736842105263,0.8694736842105263,0.8694736842105263,0.8694736842105263,87,
101,BA,2000,0.05,0.0,6,SybilBelief,42,0.5170635,0.5,inf,0.0,0.0,81,
102,BA,2000,0.05,0.0,6,SybilSCAR,42,0.808101,0.508421052631579,0.8076923076923077,0.022105263157894735,0.0430327868852459,121,
103,BA,2000,0.05,0.0,6,SybilGCN_L2_noDropout,42,0.819319,0.5052631578947369,0.9166666666666666,0.011578947368421053,0.02286902286902287,8294,
104,BA,2000,0.05,0.0,6,SybilGCN_L4_noDropout,42,0.867857,0.6915789473684211,0.9155251141552512,0.42210526315789476,0.5778097982708934,14365,
105,BA,2000,0.05,0.0,6,SybilGCN_L8_noDropout,42,0.7041875,0.6147368421052631,0.6083499005964215,0.6442105263157895,0.6257668711656442,3325,
106,BA,2000,0.05,0.0,6,SybilRGCN_L2_noDropout,42,0.8335279999999999,0.508421052631579,0.9444444444444444,0.017894736842105262,0.03512396694214876,9106,
107,BA,2000,0.05,0.0,6,SybilGAT_L2,42,0.8011435,0.5157894736842106,0.9166666666666666,0.034736842105263156,0.06693711967545639,1509,
108,BA,2000,0.05,0.0,6,SybilGAT_L4,42,0.902983,0.8115789473684211,0.8096234309623431,0.8147368421052632,0.8121720881427072,2137,
109,BA,2000,0.05,0.0,6,SybilGAT_L8,42,0.9511545,0.8052631578947368,0.9545454545454546,0.6410526315789473,0.7670025188916877,2291,
110,BA,2000,0.05,0.0,6,SybilRank,43,0.9393620000000001,0.8573684210526316,0.8569926393270242,0.8578947368421053,0.8574434508153603,87,
111,BA,2000,0.05,0.0,6,SybilBelief,43,0.5091439999999999,0.5,0.5,1.0,0.6666666666666666,124,
112,BA,2000,0.05,0.0,6,SybilSCAR,43,0.774867,0.6042105263157894,0.5679012345679012,0.871578947368421,0.6877076411960132,37,
113,BA,2000,0.05,0.0,6,SybilGCN_L2_noDropout,43,0.791496,0.5252631578947369,0.98,0.05157894736842105,0.098,8002,
114,BA,2000,0.05,0.0,6,SybilGCN_L4_noDropout,43,0.869515,0.72,0.8928571428571429,0.5,0.6410256410256411,14220,
115,BA,2000,0.05,0.0,6,SybilGCN_L8_noDropout,43,0.8472099999999999,0.7531578947368421,0.7441624365482233,0.771578947368421,0.7576227390180879,25767,
116,BA,2000,0.05,0.0,6,SybilRGCN_L2_noDropout,43,0.7567280000000001,0.5005263157894737,1.0,0.0010526315789473684,0.002103049421661409,9083,
117,BA,2000,0.05,0.0,6,SybilGAT_L2,43,0.754496,0.5,inf,0.0,0.0,1852,
118,BA,2000,0.05,0.0,6,SybilGAT_L4,43,0.8987430000000001,0.7131578947368421,0.9392624728850325,0.4557894736842105,0.6137491141034727,2218,
119,BA,2000,0.05,0.0,6,SybilGAT_L8,43,0.9507045,0.8,0.9596774193548387,0.6263157894736842,0.7579617834394905,2566,
120,BA,2000,0.05,0.0,6,SybilRank,44,0.9424300000000001,0.8589473684210527,0.861228813559322,0.8557894736842105,0.8585005279831045,90,
121,BA,2000,0.05,0.0,6,SybilBelief,44,0.5105704999999999,0.5,inf,0.0,0.0,143,
122,BA,2000,0.05,0.0,6,SybilSCAR,44,0.792157,0.6831578947368421,0.7652439024390244,0.5284210526315789,0.6251556662515566,37,
123,BA,2000,0.05,0.0,6,SybilGCN_L2_noDropout,44,0.812654,0.5,inf,0.0,0.0,8253,
124,BA,2000,0.05,0.0,6,SybilGCN_L4_noDropout,44,0.872177,0.6042105263157894,0.95,0.22,0.3572649572649573,14252,
125,BA,2000,0.05,0.0,6,SybilGCN_L8_noDropout,44,0.06691500000000003,0.5,inf,0.0,0.0,278,
126,BA,2000,0.05,0.0,6,SybilRGCN_L2_noDropout,44,0.812406,0.5,inf,0.0,0.0,9440,
127,BA,2000,0.05,0.0,6,SybilGAT_L2,44,0.805732,0.5021052631578947,1.0,0.004210526315789474,0.008385744234800839,1420,
128,BA,2000,0.05,0.0,6,SybilGAT_L4,44,0.8998415000000001,0.5973684210526315,0.9695431472081218,0.20105263157894737,0.3330427201394943,1007,
129,BA,2000,0.05,0.0,6,SybilGAT_L8,44,0.9525625,0.8736842105263158,0.8784648187633263,0.8673684210526316,0.8728813559322034,1938,
130,BA,2000,0.05,0.0,6,SybilRank,45,0.928168,0.8410526315789474,0.8410526315789474,0.8410526315789474,0.8410526315789474,87,
131,BA,2000,0.05,0.0,6,SybilBelief,45,0.5171250000000001,0.5,0.5,1.0,0.6666666666666666,133,
132,BA,2000,0.05,0.0,6,SybilSCAR,45,0.74388,0.6805263157894736,0.6538116591928251,0.7673684210526316,0.7060532687651332,37,
133,BA,2000,0.05,0.0,6,SybilGCN_L2_noDropout,45,0.7977510000000001,0.5010526315789474,1.0,0.002105263157894737,0.004201680672268907,8264,
134,BA,2000,0.05,0.0,6,SybilGCN_L4_noDropout,45,0.860714,0.708421052631579,0.8928571428571429,0.47368421052631576,0.6189821182943603,14221,
135,BA,2000,0.05,0.0,6,SybilGCN_L8_noDropout,45,0.8583329999999999,0.7526315789473684,0.7771362586605081,0.708421052631579,0.7411894273127754,25648,
136,BA,2000,0.05,0.0,6,SybilRGCN_L2_noDropout,45,0.7414109999999999,0.5005263157894737,1.0,0.0010526315789473684,0.002103049421661409,8952,
137,BA,2000,0.05,0.0,6,SybilGAT_L2,45,0.797669,0.5010526315789474,1.0,0.002105263157894737,0.004201680672268907,1764,
138,BA,2000,0.05,0.0,6,SybilGAT_L4,45,0.886737,0.5305263157894737,0.9833333333333333,0.06210526315789474,0.11683168316831684,2130,
139,BA,2000,0.05,0.0,6,SybilGAT_L8,45,0.9456184999999999,0.7221052631578947,0.9752252252252253,0.4557894736842105,0.6212338593974175,4831,
140,BA,2000,0.05,0.0,6,SybilRank,46,0.946329,0.8621052631578947,0.8628691983122363,0.8610526315789474,0.8619599578503688,86,
141,BA,2000,0.05,0.0,6,SybilBelief,46,0.515675,0.5,inf,0.0,0.0,134,
142,BA,2000,0.05,0.0,6,SybilSCAR,46,0.7655619999999999,0.6378947368421053,0.7444029850746269,0.42,0.5370121130551817,37,
143,BA,2000,0.05,0.0,6,SybilGCN_L2_noDropout,46,0.800766,0.5126315789473684,0.9615384615384616,0.02631578947368421,0.05122950819672131,8850,
144,BA,2000,0.05,0.0,6,SybilGCN_L4_noDropout,46,0.8696160000000001,0.5731578947368421,0.986013986013986,0.14842105263157895,0.25800548947849955,14056,
145,BA,2000,0.05,0.0,6,SybilGCN_L8_noDropout,46,0.09059250000000002,0.5,inf,0.0,0.0,446,
146,BA,2000,0.05,0.0,6,SybilRGCN_L2_noDropout,46,0.771875,0.5,inf,0.0,0.0,9103,
147,BA,2000,0.05,0.0,6,SybilGAT_L2,46,0.7904355000000001,0.5305263157894737,0.9264705882352942,0.06631578947368422,0.1237721021611002,1842,
148,BA,2000,0.05,0.0,6,SybilGAT_L4,46,0.8933199999999999,0.7763157894736842,0.8832116788321168,0.6368421052631579,0.7400611620795107,1967,
149,BA,2000,0.05,0.0,6,SybilGAT_L8,46,0.9524099999999999,0.8557894736842105,0.9225,0.7768421052631579,0.8434285714285714,905,
150,BA,2000,0.05,0.0,8,SybilRank,42,0.7603650000000001,0.6905263157894737,0.6901260504201681,0.6915789473684211,0.6908517350157729,94,
151,BA,2000,0.05,0.0,8,SybilBelief,42,0.5127895,0.5,inf,0.0,0.0,77,
152,BA,2000,0.05,0.0,8,SybilSCAR,42,0.72305,0.5031578947368421,0.65,0.01368421052631579,0.026804123711340205,40,
153,BA,2000,0.05,0.0,8,SybilGCN_L2_noDropout,42,0.751833,0.5063157894736842,0.875,0.014736842105263158,0.028985507246376812,8620,
154,BA,2000,0.05,0.0,8,SybilGCN_L4_noDropout,42,0.7610935000000001,0.6263157894736842,0.7777777777777778,0.35368421052631577,0.48625180897250364,14770,
155,BA,2000,0.05,0.0,8,SybilGCN_L8_noDropout,42,0.5660395,0.5189473684210526,0.5171102661596958,0.5726315789473684,0.5434565434565435,3358,
156,BA,2000,0.05,0.0,8,SybilRGCN_L2_noDropout,42,0.748548,0.51,0.88,0.023157894736842106,0.04512820512820513,9266,
157,BA,2000,0.05,0.0,8,SybilGAT_L2,42,0.7781545,0.5152631578947369,0.8222222222222222,0.03894736842105263,0.0743718592964824,6917,
158,BA,2000,0.05,0.0,8,SybilGAT_L4,42,0.8130539999999999,0.6873684210526316,0.6334332833583208,0.8894736842105263,0.7399299474605955,2098,
159,BA,2000,0.05,0.0,8,SybilGAT_L8,42,0.8400705,0.6257894736842106,0.9023569023569024,0.28210526315789475,0.429831595829992,1241,
160,BA,2000,0.05,0.0,8,SybilRank,43,0.7535099999999999,0.6863157894736842,0.6855345911949685,0.6884210526315789,0.6869747899159664,95,
161,BA,2000,0.05,0.0,8,SybilBelief,43,0.509049,0.5,0.5,1.0,0.6666666666666666,87,
162,BA,2000,0.05,0.0,8,SybilSCAR,43,0.6793720000000001,0.5463157894736842,0.5294117647058824,0.8336842105263158,0.6475878986099755,40,
163,BA,2000,0.05,0.0,8,SybilGCN_L2_noDropout,43,0.7326439999999999,0.5094736842105263,1.0,0.018947368421052633,0.0371900826446281,8762,
164,BA,2000,0.05,0.0,8,SybilGCN_L4_noDropout,43,0.7769284999999999,0.671578947368421,0.7595541401273885,0.5021052631578947,0.6045627376425855,15315,
165,BA,2000,0.05,0.0,8,SybilGCN_L8_noDropout,43,0.702504,0.5436842105263158,0.8738738738738738,0.10210526315789474,0.1828463713477851,2757,
166,BA,2000,0.05,0.0,8,SybilRGCN_L2_noDropout,43,0.7045935000000001,0.5,inf,0.0,0.0,9739,
167,BA,2000,0.05,0.0,8,SybilGAT_L2,43,0.7133529999999999,0.5163157894736842,1.0,0.03263157894736842,0.06320081549439348,1278,
168,BA,2000,0.05,0.0,8,SybilGAT_L4,43,0.7884835000000001,0.6821052631578948,0.644891122278057,0.8105263157894737,0.7182835820895522,1621,
169,BA,2000,0.05,0.0,8,SybilGAT_L8,43,0.8506585,0.7510526315789474,0.8125819134993447,0.6526315789473685,0.7238762405137186,1644,
170,BA,2000,0.05,0.0,8,SybilRank,44,0.7448670000000001,0.6810526315789474,0.6825902335456475,0.6768421052631579,0.6797040169133193,94,
171,BA,2000,0.05,0.0,8,SybilBelief,44,0.508653,0.5,inf,0.0,0.0,116,
172,BA,2000,0.05,0.0,8,SybilSCAR,44,0.702045,0.6236842105263158,0.6680972818311874,0.49157894736842106,0.5664038811400849,40,
173,BA,2000,0.05,0.0,8,SybilGCN_L2_noDropout,44,0.7564389999999999,0.5,inf,0.0,0.0,8838,
174,BA,2000,0.05,0.0,8,SybilGCN_L4_noDropout,44,0.7858799999999999,0.5942105263157895,0.8565737051792829,0.22631578947368422,0.35803497085761865,15219,
175,BA,2000,0.05,0.0,8,SybilGCN_L8_noDropout,44,0.17298249999999998,0.5,inf,0.0,0.0,249,
176,BA,2000,0.05,0.0,8,SybilRGCN_L2_noDropout,44,0.685639,0.5,0.5,0.003157894736842105,0.006276150627615063,9862,
177,BA,2000,0.05,0.0,8,SybilGAT_L2,44,0.7544135000000001,0.5842105263157895,0.8478260869565217,0.20526315789473684,0.3305084745762712,1550,
178,BA,2000,0.05,0.0,8,SybilGAT_L4,44,0.81848,0.5873684210526315,0.8705357142857143,0.20526315789473684,0.3321976149914821,1691,
179,BA,2000,0.05,0.0,8,SybilGAT_L8,44,0.863513,0.75,0.8266850068775791,0.6326315789473684,0.7167561121049493,2891,
180,BA,2000,0.05,0.0,8,SybilRank,45,0.65033,0.6042105263157894,0.6048728813559322,0.6010526315789474,0.6029567053854277,95,
181,BA,2000,0.05,0.0,8,SybilBelief,45,0.509235,0.5,0.5,1.0,0.6666666666666666,106,
182,BA,2000,0.05,0.0,8,SybilSCAR,45,0.6489920000000001,0.5863157894736842,0.569023569023569,0.7115789473684211,0.6323666978484564,40,
183,BA,2000,0.05,0.0,8,SybilGCN_L2_noDropout,45,0.743148,0.5,inf,0.0,0.0,8844,
184,BA,2000,0.05,0.0,8,SybilGCN_L4_noDropout,45,0.768751,0.6442105263157895,0.774,0.4073684210526316,0.5337931034482759,15444,
185,BA,2000,0.05,0.0,8,SybilGCN_L8_noDropout,45,0.7330985,0.6463157894736842,0.6438923395445134,0.6547368421052632,0.6492693110647182,27611,
186,BA,2000,0.05,0.0,8,SybilRGCN_L2_noDropout,45,0.717875,0.5031578947368421,1.0,0.00631578947368421,0.012552301255230125,9394,
187,BA,2000,0.05,0.0,8,SybilGAT_L2,45,0.7438205000000001,0.5,inf,0.0,0.0,1882,
188,BA,2000,0.05,0.0,8,SybilGAT_L4,45,0.7866489999999999,0.5094736842105263,0.9090909090909091,0.021052631578947368,0.0411522633744856,2779,
189,BA,2000,0.05,0.0,8,SybilGAT_L8,45,0.835268,0.65,0.8947368421052632,0.34,0.4927536231884058,2629,
190,BA,2000,0.05,0.0,8,SybilRank,46,0.781201,0.7026315789473684,0.70199370409234,0.7042105263157895,0.7031003678402522,95,
191,BA,2000,0.05,0.0,8,SybilBelief,46,0.509775,0.5,inf,0.0,0.0,116,
192,BA,2000,0.05,0.0,8,SybilSCAR,46,0.679453,0.5978947368421053,0.6519607843137255,0.42,0.5108834827144686,41,
193,BA,2000,0.05,0.0,8,SybilGCN_L2_noDropout,46,0.7390459999999999,0.5047368421052632,1.0,0.009473684210526316,0.018769551616266946,8841,
194,BA,2000,0.05,0.0,8,SybilGCN_L4_noDropout,46,0.775459,0.5342105263157895,0.9012345679012346,0.07684210526315789,0.14161008729388944,15189,
195,BA,2000,0.05,0.0,8,SybilGCN_L8_noDropout,46,0.2055385,0.5,inf,0.0,0.0,409,
196,BA,2000,0.05,0.0,8,SybilRGCN_L2_noDropout,46,0.66876,0.5005263157894737,0.5294117647058824,0.009473684210526316,0.01861427094105481,9449,
197,BA,2000,0.05,0.0,8,SybilGAT_L2,46,0.7253465,0.5026315789473684,0.6923076923076923,0.009473684210526316,0.018691588785046728,3078,
198,BA,2000,0.05,0.0,8,SybilGAT_L4,46,0.7772755,0.53,0.8131868131868132,0.07789473684210527,0.14217098943323728,1797,
199,BA,2000,0.05,0.0,8,SybilGAT_L8,46,0.857086,0.7536842105263157,0.8230563002680965,0.6463157894736842,0.7240566037735849,1086,
200,BA,2000,0.05,0.0,10,SybilRank,42,0.48367199999999994,0.48578947368421055,0.4859228362877998,0.4905263157894737,0.48821372446306965,102,
201,BA,2000,0.05,0.0,10,SybilBelief,42,0.513504,0.5,inf,0.0,0.0,76,
202,BA,2000,0.05,0.0,10,SybilSCAR,42,0.655805,0.5010526315789474,0.55,0.011578947368421053,0.02268041237113402,45,
203,BA,2000,0.05,0.0,10,SybilGCN_L2_noDropout,42,0.722783,0.5089473684210526,0.7741935483870968,0.02526315789473684,0.04892966360856269,9302,
204,BA,2000,0.05,0.0,10,SybilGCN_L4_noDropout,42,0.712385,0.5889473684210527,0.706601466992665,0.3042105263157895,0.42531272994849156,16204,
205,BA,2000,0.05,0.0,10,SybilGCN_L8_noDropout,42,0.530682,0.5152631578947369,0.5108614232209738,0.7178947368421053,0.5969365426695843,3442,
206,BA,2000,0.05,0.0,10,SybilRGCN_L2_noDropout,42,0.7031050000000001,0.5131578947368421,0.8048780487804879,0.034736842105263156,0.06659939455095863,10324,
207,BA,2000,0.05,0.0,10,SybilGAT_L2,42,0.714079,0.6105263157894737,0.6981132075471698,0.3894736842105263,0.5,2632,
208,BA,2000,0.05,0.0,10,SybilGAT_L4,42,0.7559020000000001,0.6757894736842105,0.6504504504504505,0.76,0.7009708737864078,2319,
209,BA,2000,0.05,0.0,10,SybilGAT_L8,42,0.7618585,0.6747368421052632,0.6451048951048951,0.7768421052631579,0.7048710601719198,2507,
210,BA,2000,0.05,0.0,10,SybilRank,43,0.45819699999999997,0.4636842105263158,0.46379853095487933,0.4652631578947368,0.464529689963216,102,
211,BA,2000,0.05,0.0,10,SybilBelief,43,0.510362,0.5,0.5,1.0,0.6666666666666666,96,
212,BA,2000,0.05,0.0,10,SybilSCAR,43,0.611918,0.508421052631579,0.5055478502080444,0.7673684210526316,0.6095317725752508,45,
213,BA,2000,0.05,0.0,10,SybilGCN_L2_noDropout,43,0.7066445000000001,0.5026315789473684,1.0,0.005263157894736842,0.010471204188481676,9279,
214,BA,2000,0.05,0.0,10,SybilGCN_L4_noDropout,43,0.7365309999999999,0.6057894736842105,0.7583547557840618,0.3105263157894737,0.4406273338312173,16290,
215,BA,2000,0.05,0.0,10,SybilGCN_L8_noDropout,43,0.3315315,0.5,inf,0.0,0.0,2410,
216,BA,2000,0.05,0.0,10,SybilRGCN_L2_noDropout,43,0.7265030000000001,0.501578947368421,0.8,0.004210526315789474,0.008376963350785341,10424,
217,BA,2000,0.05,0.0,10,SybilGAT_L2,43,0.7426059999999999,0.5,inf,0.0,0.0,7465,
218,BA,2000,0.05,0.0,10,SybilGAT_L4,43,0.7565525,0.5736842105263158,0.7777777777777778,0.2063157894736842,0.3261231281198003,2666,
219,BA,2000,0.05,0.0,10,SybilGAT_L8,43,0.776864,0.6994736842105264,0.6988457502623295,0.7010526315789474,0.6999474513925381,1176,
220,BA,2000,0.05,0.0,10,SybilRank,44,0.366144,0.4105263157894737,0.40976645435244163,0.4063157894736842,0.4080338266384778,102,
221,BA,2000,0.05,0.0,10,SybilBelief,44,0.5052155,0.5,inf,0.0,0.0,95,
222,BA,2000,0.05,0.0,10,SybilSCAR,44,0.6345109999999999,0.5442105263157895,0.574468085106383,0.3410526315789474,0.42800528401585203,45,
223,BA,2000,0.05,0.0,10,SybilGCN_L2_noDropout,44,0.740079,0.5,inf,0.0,0.0,9176,
224,BA,2000,0.05,0.0,10,SybilGCN_L4_noDropout,44,0.756799,0.5431578947368421,0.8596491228070176,0.1031578947368421,0.18421052631578946,15950,
225,BA,2000,0.05,0.0,10,SybilGCN_L8_noDropout,44,0.280338,0.5,inf,0.0,0.0,234,
226,BA,2000,0.05,0.0,10,SybilRGCN_L2_noDropout,44,0.761817,0.5,inf,0.0,0.0,11899,
227,BA,2000,0.05,0.0,10,SybilGAT_L2,44,0.7160730000000001,0.6026315789473684,0.7181208053691275,0.33789473684210525,0.4595561918396564,2888,
228,BA,2000,0.05,0.0,10,SybilGAT_L4,44,0.7647344999999999,0.5568421052631579,0.7967032967032966,0.15263157894736842,0.25618374558303886,2246,
229,BA,2000,0.05,0.0,10,SybilGAT_L8,44,0.7919415,0.6521052631578947,0.8042105263157895,0.40210526315789474,0.536140350877193,1417,
230,BA,2000,0.05,0.0,10,SybilRank,45,0.329179,0.3742105263157895,0.37273695420660274,0.3684210526315789,0.370566437268396,102,
231,BA,2000,0.05,0.0,10,SybilBelief,45,0.51023,0.5,0.5,1.0,0.6666666666666666,94,
232,BA,2000,0.05,0.0,10,SybilSCAR,45,0.5905020000000001,0.5189473684210526,0.5134529147982063,0.7231578947368421,0.6005244755244755,44,
233,BA,2000,0.05,0.0,10,SybilGCN_L2_noDropout,45,0.732369,0.5,inf,0.0,0.0,9772,
234,BA,2000,0.05,0.0,10,SybilGCN_L4_noDropout,45,0.739895,0.6510526315789473,0.6926174496644295,0.5431578947368421,0.6088495575221239,16031,
235,BA,2000,0.05,0.0,10,SybilGCN_L8_noDropout,45,0.64417,0.5863157894736842,0.5770676691729323,0.6463157894736842,0.6097318768619663,5864,
236,BA,2000,0.05,0.0,10,SybilRGCN_L2_noDropout,45,0.7687430000000001,0.5010526315789474,1.0,0.002105263157894737,0.004201680672268907,10334,
237,BA,2000,0.05,0.0,10,SybilGAT_L2,45,0.726721,0.5152631578947369,0.8918918918918919,0.034736842105263156,0.0668693009118541,1867,
238,BA,2000,0.05,0.0,10,SybilGAT_L4,45,0.742791,0.5573684210526316,0.8427672955974843,0.14105263157894737,0.24165915238954014,2798,
239,BA,2000,0.05,0.0,10,SybilGAT_L8,45,0.757036,0.631578947368421,0.786697247706422,0.36105263157894735,0.494949494949495,1301,
240,BA,2000,0.05,0.0,10,SybilRank,46,0.434389,0.4636842105263158,0.4638743455497382,0.4663157894736842,0.4650918635170604,102,
241,BA,2000,0.05,0.0,10,SybilBelief,46,0.510691,0.5,0.5,1.0,0.6666666666666666,134,
242,BA,2000,0.05,0.0,10,SybilSCAR,46,0.616537,0.5621052631578948,0.5847701149425287,0.4284210526315789,0.4945321992709599,44,
243,BA,2000,0.05,0.0,10,SybilGCN_L2_noDropout,46,0.7141055,0.5,inf,0.0,0.0,9679,
244,BA,2000,0.05,0.0,10,SybilGCN_L4_noDropout,46,0.736802,0.5352631578947369,0.8073394495412844,0.09263157894736843,0.16619452313503305,16636,
245,BA,2000,0.05,0.0,10,SybilGCN_L8_noDropout,46,0.25548849999999995,0.5,inf,0.0,0.0,288,
246,BA,2000,0.05,0.0,10,SybilRGCN_L2_noDropout,46,0.700718,0.5005263157894737,0.5714285714285714,0.004210526315789474,0.008359456635318705,10621,
247,BA,2000,0.05,0.0,10,SybilGAT_L2,46,0.6704445,0.5057894736842106,0.5533980582524272,0.06,0.10826210826210826,2455,
248,BA,2000,0.05,0.0,10,SybilGAT_L4,46,0.7393609999999999,0.5163157894736842,0.7183098591549296,0.05368421052631579,0.09990205680705191,1438,
249,BA,2000,0.05,0.0,10,SybilGAT_L8,46,0.770771,0.5857894736842105,0.8528138528138528,0.2073684210526316,0.3336155800169348,1914,
250,BA,2000,0.05,0.0,12,SybilRank,42,0.205399,0.2668421052631579,0.2675760755508919,0.26842105263157895,0.2679978980557015,110,
251,BA,2000,0.05,0.0,12,SybilBelief,42,0.5014055,0.5,inf,0.0,0.0,67,
252,BA,2000,0.05,0.0,12,SybilSCAR,42,0.608291,0.5010526315789474,0.5625,0.009473684210526316,0.018633540372670808,48,
253,BA,2000,0.05,0.0,12,SybilGCN_L2_noDropout,42,0.729903,0.5047368421052632,0.9090909090909091,0.010526315789473684,0.02081165452653486,10003,
254,BA,2000,0.05,0.0,12,SybilGCN_L4_noDropout,42,0.72406,0.5663157894736842,0.7350746268656716,0.2073684210526316,0.32348111658456485,17948,
255,BA,2000,0.05,0.0,12,SybilGCN_L8_noDropout,42,0.5290755,0.5178947368421053,0.5145797598627787,0.631578947368421,0.5671077504725898,3952,
256,BA,2000,0.05,0.0,12,SybilRGCN_L2_noDropout,42,0.7100609999999999,0.5036842105263157,0.8888888888888888,0.008421052631578947,0.016684045881126174,11264,
257,BA,2000,0.05,0.0,12,SybilGAT_L2,42,0.7085755,0.6321052631578947,0.6316894018887723,0.6336842105263157,0.6326852338413032,1325,
258,BA,2000,0.05,0.0,12,SybilGAT_L4,42,0.7465714999999999,0.5310526315789473,0.7864077669902912,0.08526315789473685,0.15384615384615385,2068,
259,BA,2000,0.05,0.0,12,SybilGAT_L8,42,0.726551,0.6152631578947368,0.7203219315895373,0.37684210526315787,0.4948168624740843,1888,
260,BA,2000,0.05,0.0,12,SybilRank,43,0.167757,0.23210526315789473,0.23125659978880675,0.2305263157894737,0.23089088033737482,110,
261,BA,2000,0.05,0.0,12,SybilBelief,43,0.4990890000000001,0.5,0.5,1.0,0.6666666666666666,89,
262,BA,2000,0.05,0.0,12,SybilSCAR,43,0.5673279999999999,0.4789473684210526,0.48567335243553006,0.7136842105263158,0.578005115089514,48,
263,BA,2000,0.05,0.0,12,SybilGCN_L2_noDropout,43,0.7246575,0.5005263157894737,1.0,0.0010526315789473684,0.002103049421661409,10455,
264,BA,2000,0.05,0.0,12,SybilGCN_L4_noDropout,43,0.758516,0.5826315789473684,0.8054474708171206,0.21789473684210525,0.34299917149958575,18169,
265,BA,2000,0.05,0.0,12,SybilGCN_L8_noDropout,43,0.3291905,0.5,inf,0.0,0.0,2164,
266,BA,2000,0.05,0.0,12,SybilRGCN_L2_noDropout,43,0.767747,0.5026315789473684,1.0,0.005263157894736842,0.010471204188481676,11050,
267,BA,2000,0.05,0.0,12,SybilGAT_L2,43,0.717691,0.5,inf,0.0,0.0,2327,
268,BA,2000,0.05,0.0,12,SybilGAT_L4,43,0.7557145,0.6742105263157895,0.7001209189842805,0.6094736842105263,0.6516601012943163,1578,
269,BA,2000,0.05,0.0,12,SybilGAT_L8,43,0.7792569999999999,0.6884210526315789,0.7663690476190477,0.5421052631578948,0.6350184956843403,2052,
270,BA,2000,0.05,0.0,12,SybilRank,44,0.147651,0.23421052631578948,0.2328042328042328,0.23157894736842105,0.23218997361477572,109,
271,BA,2000,0.05,0.0,12,SybilBelief,44,0.5087635,0.5,inf,0.0,0.0,100,
272,BA,2000,0.05,0.0,12,SybilSCAR,44,0.5797950000000001,0.5026315789473684,0.5043630017452007,0.3042105263157895,0.37951411687458964,130,
273,BA,2000,0.05,0.0,12,SybilGCN_L2_noDropout,44,0.7474639999999999,0.5,inf,0.0,0.0,10177,
274,BA,2000,0.05,0.0,12,SybilGCN_L4_noDropout,44,0.772394,0.5836842105263158,0.8803827751196173,0.1936842105263158,0.3175150992234685,17950,
275,BA,2000,0.05,0.0,12,SybilGCN_L8_noDropout,44,0.3032234999999999,0.5,inf,0.0,0.0,249,
276,BA,2000,0.05,0.0,12,SybilRGCN_L2_noDropout,44,0.7793610000000001,0.5,inf,0.0,0.0,11063,
277,BA,2000,0.05,0.0,12,SybilGAT_L2,44,0.7107960000000001,0.5726315789473684,0.7464285714285714,0.22,0.33983739837398375,3236,
278,BA,2000,0.05,0.0,12,SybilGAT_L4,44,0.7644984999999999,0.5773684210526315,0.7975708502024291,0.2073684210526316,0.329156223893066,2579,
279,BA,2000,0.05,0.0,12,SybilGAT_L8,44,0.7809619999999999,0.6421052631578947,0.765748031496063,0.4094736842105263,0.53360768175583,1770,
280,BA,2000,0.05,0.0,12,SybilRank,45,0.146188,0.2305263157894737,0.22938689217758984,0.22842105263157894,0.2289029535864979,109,
281,BA,2000,0.05,0.0,12,SybilBelief,45,0.486315,0.5,0.5,1.0,0.6666666666666666,89,
282,BA,2000,0.05,0.0,12,SybilSCAR,45,0.540976,0.4968421052631579,0.4976228209191759,0.6610526315789473,0.5678119349005425,48,
283,BA,2000,0.05,0.0,12,SybilGCN_L2_noDropout,45,0.74664,0.5005263157894737,1.0,0.0010526315789473684,0.002103049421661409,10514,
284,BA,2000,0.05,0.0,12,SybilGCN_L4_noDropout,45,0.7657229999999999,0.6373684210526316,0.7724425887265136,0.3894736842105263,0.5178446466060181,18238,
285,BA,2000,0.05,0.0,12,SybilGCN_L8_noDropout,45,0.6730400000000001,0.6147368421052631,0.6142557651991615,0.6168421052631579,0.615546218487395,6903,
286,BA,2000,0.05,0.0,12,SybilRGCN_L2_noDropout,45,0.7738029999999999,0.5047368421052632,1.0,0.009473684210526316,0.018769551616266946,10880,
287,BA,2000,0.05,0.0,12,SybilGAT_L2,45,0.6914115,0.5005263157894737,1.0,0.0010526315789473684,0.002103049421661409,2595,
288,BA,2000,0.05,0.0,12,SybilGAT_L4,45,0.7722694999999999,0.6373684210526316,0.7868131868131868,0.37684210526315787,0.5096085409252669,2482,
289,BA,2000,0.05,0.0,12,SybilGAT_L8,45,0.7815225000000001,0.5552631578947368,0.8571428571428571,0.13263157894736843,0.22971741112123975,2422,
290,BA,2000,0.05,0.0,12,SybilRank,46,0.169806,0.24736842105263157,0.24789915966386555,0.24842105263157896,0.24815983175604628,110,
291,BA,2000,0.05,0.0,12,SybilBelief,46,0.497978,0.5,0.5,1.0,0.6666666666666666,111,
292,BA,2000,0.05,0.0,12,SybilSCAR,46,0.5580539999999999,0.5321052631578947,0.5394566623544631,0.43894736842105264,0.4840394660475914,134,
293,BA,2000,0.05,0.0,12,SybilGCN_L2_noDropout,46,0.712936,0.5005263157894737,1.0,0.0010526315789473684,0.002103049421661409,10089,
294,BA,2000,0.05,0.0,12,SybilGCN_L4_noDropout,46,0.7401260000000001,0.5389473684210526,0.8303571428571429,0.09789473684210526,0.1751412429378531,17894,
295,BA,2000,0.05,0.0,12,SybilGCN_L8_noDropout,46,0.26192950000000004,0.5,inf,0.0,0.0,303,
296,BA,2000,0.05,0.0,12,SybilRGCN_L2_noDropout,46,0.726802,0.5,inf,0.0,0.0,10938,
297,BA,2000,0.05,0.0,12,SybilGAT_L2,46,0.664869,0.5026315789473684,0.5510204081632653,0.028421052631578948,0.05405405405405406,2822,
298,BA,2000,0.05,0.0,12,SybilGAT_L4,46,0.7347795,0.5594736842105263,0.7445887445887446,0.18105263157894738,0.29127857747671465,1496,
299,BA,2000,0.05,0.0,12,SybilGAT_L8,46,0.49216200000000004,0.4957894736842105,0.4666666666666667,0.05894736842105263,0.10467289719626169,1294,
300,BA,2000,0.05,0.0,14,SybilRank,42,0.083173,0.16105263157894736,0.16247379454926625,0.1631578947368421,0.16281512605042017,118,
301,BA,2000,0.05,0.0,14,SybilBelief,42,0.5026345,0.5,inf,0.0,0.0,73,
302,BA,2000,0.05,0.0,14,SybilSCAR,42,0.5645749999999999,0.49736842105263157,0.3684210526315789,0.007368421052631579,0.014447884416924664,53,
303,BA,2000,0.05,0.0,14,SybilGCN_L2_noDropout,42,0.7596240000000001,0.5031578947368421,0.875,0.007368421052631579,0.014613778705636743,10810,
304,BA,2000,0.05,0.0,14,SybilGCN_L4_noDropout,42,0.7806625,0.5536842105263158,0.8863636363636364,0.1231578947368421,0.21626617375231053,18901,
305,BA,2000,0.05,0.0,14,SybilGCN_L8_noDropout,42,0.5380874999999999,0.5221052631578947,0.5178268251273345,0.6421052631578947,0.5733082706766918,3977,
306,BA,2000,0.05,0.0,14,SybilRGCN_L2_noDropout,42,0.7638349999999999,0.5026315789473684,1.0,0.005263157894736842,0.010471204188481676,11996,
307,BA,2000,0.05,0.0,14,SybilGAT_L2,42,0.729925,0.6142105263157894,0.7303609341825902,0.36210526315789476,0.48416608022519353,3559,
308,BA,2000,0.05,0.0,14,SybilGAT_L4,42,0.7672295,0.5294736842105263,0.8111111111111111,0.07684210526315789,0.14038461538461539,3753,
309,BA,2000,0.05,0.0,14,SybilGAT_L8,42,0.811353,0.7015789473684211,0.7570469798657719,0.5936842105263158,0.6654867256637168,2166,
310,BA,2000,0.05,0.0,14,SybilRank,43,0.07432800000000002,0.15157894736842106,0.15010570824524314,0.14947368421052631,0.14978902953586498,117,
311,BA,2000,0.05,0.0,14,SybilBelief,43,0.5447500000000001,0.5,0.5,1.0,0.6666666666666666,86,
312,BA,2000,0.05,0.0,14,SybilSCAR,43,0.53185,0.45526315789473687,0.4697508896797153,0.6947368421052632,0.5605095541401274,140,
313,BA,2000,0.05,0.0,14,SybilGCN_L2_noDropout,43,0.752877,0.501578947368421,0.8,0.004210526315789474,0.008376963350785341,10857,
314,BA,2000,0.05,0.0,14,SybilGCN_L4_noDropout,43,0.814218,0.6,0.8653846153846154,0.23684210526315788,0.371900826446281,19224,
315,BA,2000,0.05,0.0,14,SybilGCN_L8_noDropout,43,0.2902445,0.5,inf,0.0,0.0,2271,
316,BA,2000,0.05,0.0,14,SybilRGCN_L2_noDropout,43,0.782265,0.5042105263157894,0.7857142857142857,0.011578947368421053,0.022821576763485476,11828,
317,BA,2000,0.05,0.0,14,SybilGAT_L2,43,0.7626200000000001,0.541578947368421,0.8110236220472441,0.10842105263157895,0.19127205199628597,3153,
318,BA,2000,0.05,0.0,14,SybilGAT_L4,43,0.8061205,0.6442105263157895,0.8261904761904761,0.36526315789473685,0.5065693430656935,2588,
319,BA,2000,0.05,0.0,14,SybilGAT_L8,43,0.6698155000000001,0.6105263157894737,0.5845410628019324,0.7642105263157895,0.6624087591240876,1466,
320,BA,2000,0.05,0.0,14,SybilRank,44,0.07133,0.15421052631578946,0.15311510031678988,0.15263157894736842,0.1528729573010016,117,
321,BA,2000,0.05,0.0,14,SybilBelief,44,0.5155004999999999,0.5,inf,0.0,0.0,107,
322,BA,2000,0.05,0.0,14,SybilSCAR,44,0.542661,0.48736842105263156,0.48119122257053293,0.3231578947368421,0.3866498740554156,52,
323,BA,2000,0.05,0.0,14,SybilGCN_L2_noDropout,44,0.7761659999999999,0.5,inf,0.0,0.0,10434,
324,BA,2000,0.05,0.0,14,SybilGCN_L4_noDropout,44,0.826002,0.611578947368421,0.9173228346456693,0.24526315789473685,0.38704318936877075,18607,
325,BA,2000,0.05,0.0,14,SybilGCN_L8_noDropout,44,0.19962899999999997,0.5,inf,0.0,0.0,273,
326,BA,2000,0.05,0.0,14,SybilRGCN_L2_noDropout,44,0.8108339999999999,0.5,inf,0.0,0.0,11524,
327,BA,2000,0.05,0.0,14,SybilGAT_L2,44,0.7275535,0.5731578947368421,0.743859649122807,0.2231578947368421,0.34331983805668015,3573,
328,BA,2000,0.05,0.0,14,SybilGAT_L4,44,0.8150175000000002,0.718421052631579,0.704031465093412,0.7536842105263157,0.7280122013218099,3915,
329,BA,2000,0.05,0.0,14,SybilGAT_L8,44,0.8575354999999999,0.6863157894736842,0.8814655172413793,0.4305263157894737,0.5785007072135785,2150,
330,BA,2000,0.05,0.0,14,SybilRank,45,0.07729200000000001,0.16105263157894736,0.16033755274261605,0.16,0.1601685985247629,117,
331,BA,2000,0.05,0.0,14,SybilBelief,45,0.501351,0.5,0.5,1.0,0.6666666666666666,95,
332,BA,2000,0.05,0.0,14,SybilSCAR,45,0.503419,0.4431578947368421,0.45964125560538116,0.6473684210526316,0.5375874125874126,141,
333,BA,2000,0.05,0.0,14,SybilGCN_L2_noDropout,45,0.771876,0.5005263157894737,1.0,0.0010526315789473684,0.002103049421661409,9056,
334,BA,2000,0.05,0.0,14,SybilGCN_L4_noDropout,45,0.8183369999999999,0.6652631578947369,0.8165322580645161,0.4263157894736842,0.5601659751037344,18396,
335,BA,2000,0.05,0.0,14,SybilGCN_L8_noDropout,45,0.6833345000000001,0.6131578947368421,0.6450742240215924,0.5031578947368421,0.5653459491425192,6094,
336,BA,2000,0.05,0.0,14,SybilRGCN_L2_noDropout,45,0.823645,0.5,inf,0.0,0.0,11656,
337,BA,2000,0.05,0.0,14,SybilGAT_L2,45,0.746162,0.5036842105263157,1.0,0.007368421052631579,0.014629049111807733,1862,
338,BA,2000,0.05,0.0,14,SybilGAT_L4,45,0.8187255,0.5321052631578947,0.8588235294117647,0.07684210526315789,0.14106280193236714,2235,
339,BA,2000,0.05,0.0,14,SybilGAT_L8,45,0.871497,0.6668421052631579,0.9182058047493403,0.3663157894736842,0.5237020316027088,1325,
340,BA,2000,0.05,0.0,14,SybilRank,46,0.073174,0.14578947368421052,0.14616193480546794,0.1463157894736842,0.14623882167280378,117,
341,BA,2000,0.05,0.0,14,SybilBelief,46,0.5225425,0.5,inf,0.0,0.0,177,
342,BA,2000,0.05,0.0,14,SybilSCAR,46,0.516362,0.5073684210526316,0.5082547169811321,0.4536842105263158,0.4794215795328142,51,
343,BA,2000,0.05,0.0,14,SybilGCN_L2_noDropout,46,0.746549,0.5005263157894737,1.0,0.0010526315789473684,0.002103049421661409,10671,
344,BA,2000,0.05,0.0,14,SybilGCN_L4_noDropout,46,0.80384,0.5526315789473685,0.9166666666666666,0.11578947368421053,0.205607476635514,18611,
345,BA,2000,0.05,0.0,14,SybilGCN_L8_noDropout,46,0.18169049999999998,0.5,inf,0.0,0.0,260,
346,BA,2000,0.05,0.0,14,SybilRGCN_L2_noDropout,46,0.7734420000000001,0.5,inf,0.0,0.0,11457,
347,BA,2000,0.05,0.0,14,SybilGAT_L2,46,0.7190639999999999,0.5,inf,0.0,0.0,2042,
348,BA,2000,0.05,0.0,14,SybilGAT_L4,46,0.7893605,0.6263157894736842,0.8314917127071824,0.31684210526315787,0.45884146341463417,1897,
349,BA,2000,0.05,0.0,14,SybilGAT_L8,46,0.859217,0.7742105263157895,0.7612838515546639,0.7989473684210526,0.7796610169491526,2577,
350,BA,2000,0.05,0.0,16,SybilRank,42,0.046115,0.11526315789473685,0.11727748691099477,0.11789473684210526,0.11758530183727034,125,
351,BA,2000,0.05,0.0,16,SybilBelief,42,0.5032615,0.5,inf,0.0,0.0,78,
352,BA,2000,0.05,0.0,16,SybilSCAR,42,0.528525,0.49736842105263157,0.4,0.010526315789473684,0.020512820512820513,146,
353,BA,2000,0.05,0.0,16,SybilGCN_L2_noDropout,42,0.808583,0.5031578947368421,0.875,0.007368421052631579,0.014613778705636743,11410,
354,BA,2000,0.05,0.0,16,SybilGCN_L4_noDropout,42,0.8671789999999999,0.5957894736842105,0.9690721649484536,0.19789473684210526,0.32867132867132864,21902,
355,BA,2000,0.05,0.0,16,SybilGCN_L8_noDropout,42,0.5656765,0.533157894736842,0.5253827558420628,0.6863157894736842,0.5951620264719306,4159,
356,BA,2000,0.05,0.0,16,SybilRGCN_L2_noDropout,42,0.813074,0.501578947368421,1.0,0.003157894736842105,0.0062959076600209865,11744,
357,BA,2000,0.05,0.0,16,SybilGAT_L2,42,0.7595295,0.6589473684210526,0.7188405797101449,0.5221052631578947,0.6048780487804878,1866,
358,BA,2000,0.05,0.0,16,SybilGAT_L4,42,0.8828155,0.5231578947368422,0.9782608695652174,0.04736842105263158,0.09036144578313253,2563,
359,BA,2000,0.05,0.0,16,SybilGAT_L8,42,0.940589,0.8242105263157895,0.9350282485875706,0.6968421052631579,0.7985524728588661,1990,
360,BA,2000,0.05,0.0,16,SybilRank,43,0.04348300000000001,0.11105263157894738,0.11064278187565858,0.11052631578947368,0.11058451816745656,125,
361,BA,2000,0.05,0.0,16,SybilBelief,43,0.49993600000000005,0.5,0.5,1.0,0.6666666666666666,103,
362,BA,2000,0.05,0.0,16,SybilSCAR,43,0.495454,0.42526315789473684,0.44825072886297374,0.6473684210526316,0.5297157622739018,56,
363,BA,2000,0.05,0.0,16,SybilGCN_L2_noDropout,43,0.798801,0.5089473684210526,0.8695652173913043,0.021052631578947368,0.041109969167523124,11793,
364,BA,2000,0.05,0.0,16,SybilGCN_L4_noDropout,43,0.885261,0.5442105263157895,0.9375,0.09473684210526316,0.17208413001912046,19969,
365,BA,2000,0.05,0.0,16,SybilGCN_L8_noDropout,43,0.177176,0.5,inf,0.0,0.0,1977,
366,BA,2000,0.05,0.0,16,SybilRGCN_L2_noDropout,43,0.8453410000000001,0.5110526315789473,0.9565217391304348,0.023157894736842106,0.045220966084275435,12429,
367,BA,2000,0.05,0.0,16,SybilGAT_L2,43,0.829558,0.5152631578947369,0.8918918918918919,0.034736842105263156,0.0668693009118541,3258,
368,BA,2000,0.05,0.0,16,SybilGAT_L4,43,0.8908005000000001,0.6757894736842105,0.9417989417989417,0.37473684210526315,0.536144578313253,2818,
369,BA,2000,0.05,0.0,16,SybilGAT_L8,43,0.9509605,0.7347368421052631,0.9890350877192983,0.4747368421052632,0.6415362731152204,1558,
370,BA,2000,0.05,0.0,16,SybilRank,44,0.04374700000000001,0.11473684210526315,0.11554621848739496,0.11578947368421053,0.1156677181913775,125,
371,BA,2000,0.05,0.0,16,SybilBelief,44,0.514556,0.5,inf,0.0,0.0,113,
372,BA,2000,0.05,0.0,16,SybilSCAR,44,0.513617,0.45473684210526316,0.4280936454849498,0.2694736842105263,0.330749354005168,55,
373,BA,2000,0.05,0.0,16,SybilGCN_L2_noDropout,44,0.816336,0.5,inf,0.0,0.0,11769,
374,BA,2000,0.05,0.0,16,SybilGCN_L4_noDropout,44,0.896825,0.6036842105263158,0.9852216748768473,0.21052631578947367,0.3469210754553339,20762,
375,BA,2000,0.05,0.0,16,SybilGCN_L8_noDropout,44,0.282998,0.5,inf,0.0,0.0,275,
376,BA,2000,0.05,0.0,16,SybilRGCN_L2_noDropout,44,0.810693,0.5052631578947369,0.8125,0.01368421052631579,0.026915113871635612,11177,
377,BA,2000,0.05,0.0,16,SybilGAT_L2,44,0.7750445,0.5652631578947368,0.918918918918919,0.1431578947368421,0.24772313296903462,1884,
378,BA,2000,0.05,0.0,16,SybilGAT_L4,44,0.8890005000000001,0.71,0.9423503325942351,0.4473684210526316,0.6067094932191291,2403,
379,BA,2000,0.05,0.0,16,SybilGAT_L8,44,0.950465,0.7642105263157895,0.9808429118773946,0.5389473684210526,0.6956521739130435,1922,
380,BA,2000,0.05,0.0,16,SybilRank,45,0.045526000000000004,0.11736842105263158,0.11696522655426765,0.1168421052631579,0.11690363349131122,125,
381,BA,2000,0.05,0.0,16,SybilBelief,45,0.49321399999999993,0.5,0.5,1.0,0.6666666666666666,101,
382,BA,2000,0.05,0.0,16,SybilSCAR,45,0.474702,0.42157894736842105,0.44282425172678436,0.6073684210526316,0.5122059476253884,56,
383,BA,2000,0.05,0.0,16,SybilGCN_L2_noDropout,45,0.81447,0.5026315789473684,1.0,0.005263157894736842,0.010471204188481676,11521,
384,BA,2000,0.05,0.0,16,SybilGCN_L4_noDropout,45,0.8903409999999999,0.7852631578947369,0.8413098236775819,0.7031578947368421,0.7660550458715596,19844,
385,BA,2000,0.05,0.0,16,SybilGCN_L8_noDropout,45,0.7865505,0.7115789473684211,0.7315668202764977,0.6684210526315789,0.6985698569856986,6790,
386,BA,2000,0.05,0.0,16,SybilRGCN_L2_noDropout,45,0.8439220000000001,0.5005263157894737,1.0,0.0010526315789473684,0.002103049421661409,11916,
387,BA,2000,0.05,0.0,16,SybilGAT_L2,45,0.8554629999999999,0.5405263157894736,0.9873417721518988,0.08210526315789474,0.15160349854227406,3262,
388,BA,2000,0.05,0.0,16,SybilGAT_L4,45,0.888997,0.7589473684210526,0.883177570093458,0.5968421052631578,0.7123115577889447,2161,
389,BA,2000,0.05,0.0,16,SybilGAT_L8,45,0.063798,0.5,inf,0.0,0.0,1596,
390,BA,2000,0.05,0.0,16,SybilRank,46,0.042033,0.10736842105263159,0.10819327731092437,0.10842105263157895,0.10830704521556257,125,
391,BA,2000,0.05,0.0,16,SybilBelief,46,0.5220899999999999,0.5,inf,0.0,0.0,142,
392,BA,2000,0.05,0.0,16,SybilSCAR,46,0.487404,0.48157894736842105,0.47706422018348627,0.3831578947368421,0.4249854057209574,57,
393,BA,2000,0.05,0.0,16,SybilGCN_L2_noDropout,46,0.79545,0.501578947368421,1.0,0.003157894736842105,0.0062959076600209865,11567,
394,BA,2000,0.05,0.0,16,SybilGCN_L4_noDropout,46,0.883806,0.5742105263157895,0.9548387096774194,0.15578947368421053,0.2678733031674208,20333,
395,BA,2000,0.05,0.0,16,SybilGCN_L8_noDropout,46,0.09946050000000001,0.5,inf,0.0,0.0,281,
396,BA,2000,0.05,0.0,16,SybilRGCN_L2_noDropout,46,0.8307709999999999,0.5005263157894737,1.0,0.0010526315789473684,0.002103049421661409,12099,
397,BA,2000,0.05,0.0,16,SybilGAT_L2,46,0.7635120000000002,0.5,inf,0.0,0.0,2282,
398,BA,2000,0.05,0.0,16,SybilGAT_L4,46,0.8750175,0.7147368421052631,0.9,0.4831578947368421,0.6287671232876713,1805,
399,BA,2000,0.05,0.0,16,SybilGAT_L8,46,0.075827,0.5,inf,0.0,0.0,2322,
400,PL,2000,0.05,0.0,2,SybilRank,42,0.999939,0.9957894736842106,0.9957894736842106,0.9957894736842106,0.9957894736842106,71,
401,PL,2000,0.05,0.0,2,SybilBelief,42,0.999973,0.9989473684210526,1.0,0.9978947368421053,0.9989462592202318,126,
402,PL,2000,0.05,0.0,2,SybilSCAR,42,0.9878899999999999,0.9410526315789474,0.9761363636363637,0.9042105263157895,0.9387978142076503,28,
403,PL,2000,0.05,0.0,2,SybilGCN_L2_noDropout,42,0.9602380000000001,0.5231578947368422,1.0,0.04631578947368421,0.08853118712273642,7796,
404,PL,2000,0.05,0.0,2,SybilGCN_L4_noDropout,42,0.9971599999999999,0.7578947368421053,1.0,0.5157894736842106,0.6805555555555556,16411,
405,PL,2000,0.05,0.0,2,SybilGCN_L8_noDropout,42,0.999288,0.8842105263157894,1.0,0.7684210526315789,0.8690476190476191,32475,
406,PL,2000,0.05,0.0,2,SybilRGCN_L2_noDropout,42,0.9203209999999998,0.5184210526315789,0.972972972972973,0.037894736842105266,0.0729483282674772,11280,
407,PL,2000,0.05,0.0,2,SybilGAT_L2,42,0.9440335,0.5152631578947369,1.0,0.030526315789473683,0.059244126659857,1145,
408,PL,2000,0.05,0.0,2,SybilGAT_L4,42,0.997153,0.7131578947368421,1.0,0.4263157894736842,0.5977859778597786,2370,
409,PL,2000,0.05,0.0,2,SybilGAT_L8,42,0.9988589999999999,0.8410526315789474,0.9984615384615385,0.6831578947368421,0.81125,5229,
410,PL,2000,0.05,0.0,2,SybilRank,43,0.99996,0.9978947368421053,0.9978947368421053,0.9978947368421053,0.9978947368421053,71,
411,PL,2000,0.05,0.0,2,SybilBelief,43,0.999951,0.9952631578947368,0.9926701570680628,0.9978947368421053,0.9952755905511811,126,
412,PL,2000,0.05,0.0,2,SybilSCAR,43,0.9764170000000001,0.8868421052631579,0.9657794676806084,0.8021052631578948,0.8763657274295572,29,
413,PL,2000,0.05,0.0,2,SybilGCN_L2_noDropout,43,0.95551,0.51,1.0,0.02,0.0392156862745098,11023,
414,PL,2000,0.05,0.0,2,SybilGCN_L4_noDropout,43,0.9969819999999999,0.6942105263157895,1.0,0.38842105263157894,0.5595147839272175,11728,
415,PL,2000,0.05,0.0,2,SybilGCN_L8_noDropout,43,0.9992000000000001,0.8573684210526316,1.0,0.7147368421052631,0.8336402701043585,23492,
416,PL,2000,0.05,0.0,2,SybilRGCN_L2_noDropout,43,0.9578595,0.5005263157894737,1.0,0.0010526315789473684,0.002103049421661409,8465,
417,PL,2000,0.05,0.0,2,SybilGAT_L2,43,0.9741525,0.5321052631578947,1.0,0.06421052631578947,0.12067260138476756,6106,
418,PL,2000,0.05,0.0,2,SybilGAT_L4,43,0.9891790000000001,0.7626315789473684,0.9882583170254403,0.531578947368421,0.6913073237508556,3638,
419,PL,2000,0.05,0.0,2,SybilGAT_L8,43,0.9999129999999999,0.8510526315789474,1.0,0.7021052631578948,0.8249845392702535,2947,
420,PL,2000,0.05,0.0,2,SybilRank,44,0.999972,0.9957894736842106,0.9957894736842106,0.9957894736842106,0.9957894736842106,71,
421,PL,2000,0.05,0.0,2,SybilBelief,44,0.999979,0.998421052631579,0.9989462592202318,0.9978947368421053,0.9984202211690363,118,
422,PL,2000,0.05,0.0,2,SybilSCAR,44,0.989633,0.8531578947368421,0.9897810218978103,0.7136842105263158,0.8293577981651377,28,
423,PL,2000,0.05,0.0,2,SybilGCN_L2_noDropout,44,0.963333,0.5242105263157895,1.0,0.04842105263157895,0.09236947791164658,8141,
424,PL,2000,0.05,0.0,2,SybilGCN_L4_noDropout,44,0.998335,0.6931578947368421,1.0,0.3863157894736842,0.5573272589217919,13961,
425,PL,2000,0.05,0.0,2,SybilGCN_L8_noDropout,44,0.999449,0.94,1.0,0.88,0.9361702127659575,25555,
426,PL,2000,0.05,0.0,2,SybilRGCN_L2_noDropout,44,0.9586549999999999,0.5010526315789474,1.0,0.002105263157894737,0.004201680672268907,8753,
427,PL,2000,0.05,0.0,2,SybilGAT_L2,44,0.9691430000000001,0.5026315789473684,1.0,0.005263157894736842,0.010471204188481676,2321,
428,PL,2000,0.05,0.0,2,SybilGAT_L4,44,0.998501,0.7889473684210526,1.0,0.5778947368421052,0.7324883255503669,1652,
429,PL,2000,0.05,0.0,2,SybilGAT_L8,44,0.999969,0.8836842105263157,1.0,0.7673684210526316,0.8683740321620012,2799,
430,PL,2000,0.05,0.0,2,SybilRank,45,0.999921,0.9957894736842106,0.9957894736842106,0.9957894736842106,0.9957894736842106,71,
431,PL,2000,0.05,0.0,2,SybilBelief,45,0.999995,0.9989473684210526,1.0,0.9978947368421053,0.9989462592202318,111,
432,PL,2000,0.05,0.0,2,SybilSCAR,45,0.987227,0.6815789473684211,0.6109324758842444,1.0,0.7584830339321357,100,
433,PL,2000,0.05,0.0,2,SybilGCN_L2_noDropout,45,0.9512310000000002,0.511578947368421,1.0,0.023157894736842106,0.04526748971193416,8104,
434,PL,2000,0.05,0.0,2,SybilGCN_L4_noDropout,45,0.9940180000000001,0.7305263157894737,1.0,0.4610526315789474,0.6311239193083573,13808,
435,PL,2000,0.05,0.0,2,SybilGCN_L8_noDropout,45,0.998361,0.9705263157894737,0.9922907488986784,0.9484210526315789,0.9698600645855759,23705,
436,PL,2000,0.05,0.0,2,SybilRGCN_L2_noDropout,45,0.892286,0.5057894736842106,1.0,0.011578947368421053,0.022892819979188347,9113,
437,PL,2000,0.05,0.0,2,SybilGAT_L2,45,0.958396,0.533157894736842,1.0,0.06631578947368422,0.12438302073050346,1648,
438,PL,2000,0.05,0.0,2,SybilGAT_L4,45,0.990311,0.6105263157894737,1.0,0.22105263157894736,0.3620689655172414,3539,
439,PL,2000,0.05,0.0,2,SybilGAT_L8,45,0.999958,0.9194736842105263,1.0,0.8389473684210527,0.9124212936462507,3694,
440,PL,2000,0.05,0.0,2,SybilRank,46,0.999977,0.998421052631579,0.9978969505783386,0.9989473684210526,0.9984218832193582,71,
441,PL,2000,0.05,0.0,2,SybilBelief,46,0.999986,0.9968421052631579,0.9989429175475687,0.9947368421052631,0.9968354430379747,151,
442,PL,2000,0.05,0.0,2,SybilSCAR,46,0.985298,0.87,0.9821673525377229,0.7536842105263157,0.8528886241810602,28,
443,PL,2000,0.05,0.0,2,SybilGCN_L2_noDropout,46,0.9487080000000001,0.5310526315789473,1.0,0.06210526315789474,0.11694747274529237,8019,
444,PL,2000,0.05,0.0,2,SybilGCN_L4_noDropout,46,0.9965780000000001,0.8563157894736843,1.0,0.7126315789473684,0.8322065150583897,13681,
445,PL,2000,0.05,0.0,2,SybilGCN_L8_noDropout,46,0.9995729999999998,0.9652631578947368,1.0,0.9305263157894736,0.9640130861504908,24678,
446,PL,2000,0.05,0.0,2,SybilRGCN_L2_noDropout,46,0.9594480000000001,0.5789473684210527,1.0,0.15789473684210525,0.2727272727272727,8357,
447,PL,2000,0.05,0.0,2,SybilGAT_L2,46,0.968282,0.6063157894736843,1.0,0.21263157894736842,0.3506944444444444,3413,
448,PL,2000,0.05,0.0,2,SybilGAT_L4,46,0.978857,0.9026315789473685,0.9885057471264368,0.8147368421052632,0.8932487016733988,1489,
449,PL,2000,0.05,0.0,2,SybilGAT_L8,46,0.999905,0.9957894736842106,0.9968354430379747,0.9947368421052631,0.9957850368809273,2215,
450,PL,2000,0.05,0.0,4,SybilRank,42,0.978718,0.9194736842105263,0.9199157007376185,0.9189473684210526,0.919431279620853,79,
451,PL,2000,0.05,0.0,4,SybilBelief,42,0.98491,0.9363157894736842,0.9662542182227222,0.9042105263157895,0.9342033713974986,162,
452,PL,2000,0.05,0.0,4,SybilSCAR,42,0.8779029999999999,0.7610526315789473,0.8701492537313433,0.6136842105263158,0.7197530864197531,32,
453,PL,2000,0.05,0.0,4,SybilGCN_L2_noDropout,42,0.8742619999999999,0.5136842105263157,1.0,0.02736842105263158,0.05327868852459016,8593,
454,PL,2000,0.05,0.0,4,SybilGCN_L4_noDropout,42,0.9372940000000001,0.6957894736842105,0.9869109947643979,0.3968421052631579,0.566066066066066,14916,
455,PL,2000,0.05,0.0,4,SybilGCN_L8_noDropout,42,0.947873,0.8126315789473684,0.9626168224299065,0.6505263157894737,0.7763819095477387,28664,
456,PL,2000,0.05,0.0,4,SybilRGCN_L2_noDropout,42,0.8218730000000001,0.5505263157894736,0.9067796610169492,0.11263157894736842,0.20037453183520598,9479,
457,PL,2000,0.05,0.0,4,SybilGAT_L2,42,0.855449,0.5094736842105263,1.0,0.018947368421052633,0.0371900826446281,855,
458,PL,2000,0.05,0.0,4,SybilGAT_L4,42,0.9429615000000001,0.8452631578947368,0.9009779951100244,0.7757894736842105,0.833710407239819,2514,
459,PL,2000,0.05,0.0,4,SybilGAT_L8,42,0.9801040000000001,0.8257894736842105,0.9874015748031496,0.66,0.7911671924290221,3848,
460,PL,2000,0.05,0.0,4,SybilRank,43,0.9851449999999999,0.9321052631578948,0.9307450157397692,0.9336842105263158,0.932212296374146,80,
461,PL,2000,0.05,0.0,4,SybilBelief,43,0.980783,0.9357894736842105,0.9559471365638766,0.9136842105263158,0.9343379978471474,163,
462,PL,2000,0.05,0.0,4,SybilSCAR,43,0.840895,0.6568421052631579,0.8104166666666667,0.4094736842105263,0.544055944055944,33,
463,PL,2000,0.05,0.0,4,SybilGCN_L2_noDropout,43,0.867323,0.5078947368421053,1.0,0.015789473684210527,0.031088082901554404,9483,
464,PL,2000,0.05,0.0,4,SybilGCN_L4_noDropout,43,0.931426,0.5968421052631578,0.9842105263157894,0.1968421052631579,0.3280701754385965,15430,
465,PL,2000,0.05,0.0,4,SybilGCN_L8_noDropout,43,0.9322679999999999,0.7394736842105263,0.972972972972973,0.4926315789473684,0.6540880503144654,28134,
466,PL,2000,0.05,0.0,4,SybilRGCN_L2_noDropout,43,0.8735335000000001,0.5005263157894737,1.0,0.0010526315789473684,0.002103049421661409,9481,
467,PL,2000,0.05,0.0,4,SybilGAT_L2,43,0.909025,0.5242105263157895,0.96,0.05052631578947368,0.096,9022,
468,PL,2000,0.05,0.0,4,SybilGAT_L4,43,0.9315410000000001,0.7621052631578947,0.9263698630136986,0.5694736842105264,0.7053455019556715,2010,
469,PL,2000,0.05,0.0,4,SybilGAT_L8,43,0.9781259999999999,0.8457894736842105,0.9809663250366032,0.7052631578947368,0.8205756276791182,6203,
470,PL,2000,0.05,0.0,4,SybilRank,44,0.9887170000000001,0.9452631578947368,0.9452631578947368,0.9452631578947368,0.9452631578947368,79,
471,PL,2000,0.05,0.0,4,SybilBelief,44,0.947251,0.838421052631579,0.9953775038520801,0.68,0.8080050031269543,163,
472,PL,2000,0.05,0.0,4,SybilSCAR,44,0.890724,0.6436842105263157,0.9148936170212766,0.31684210526315787,0.47068021892103207,32,
473,PL,2000,0.05,0.0,4,SybilGCN_L2_noDropout,44,0.882107,0.5152631578947369,1.0,0.030526315789473683,0.059244126659857,9317,
474,PL,2000,0.05,0.0,4,SybilGCN_L4_noDropout,44,0.94439,0.5957894736842105,1.0,0.19157894736842104,0.3215547703180212,13732,
475,PL,2000,0.05,0.0,4,SybilGCN_L8_noDropout,44,0.8271385,0.5257894736842105,1.0,0.05157894736842105,0.0980980980980981,500,
476,PL,2000,0.05,0.0,4,SybilRGCN_L2_noDropout,44,0.834715,0.5010526315789474,1.0,0.002105263157894737,0.004201680672268907,9144,
477,PL,2000,0.05,0.0,4,SybilGAT_L2,44,0.88974,0.5094736842105263,1.0,0.018947368421052633,0.0371900826446281,2180,
478,PL,2000,0.05,0.0,4,SybilGAT_L4,44,0.965757,0.588421052631579,1.0,0.17684210526315788,0.3005366726296959,2254,
479,PL,2000,0.05,0.0,4,SybilGAT_L8,44,0.9869589999999999,0.7794736842105263,1.0,0.5589473684210526,0.7170830519918974,3021,
480,PL,2000,0.05,0.0,4,SybilRank,45,0.9536789999999999,0.8910526315789473,0.8890052356020942,0.8936842105263157,0.8913385826771654,79,
481,PL,2000,0.05,0.0,4,SybilBelief,45,0.9220210000000001,0.7752631578947369,0.6899055918663762,1.0,0.8165019338203696,163,
482,PL,2000,0.05,0.0,4,SybilSCAR,45,0.8718330000000001,0.5573684210526316,0.5306351883080382,0.9936842105263158,0.6918285086112129,32,
483,PL,2000,0.05,0.0,4,SybilGCN_L2_noDropout,45,0.8635180000000001,0.5105263157894737,1.0,0.021052631578947368,0.041237113402061855,9415,
484,PL,2000,0.05,0.0,4,SybilGCN_L4_noDropout,45,0.9134840000000001,0.6726315789473685,0.9270833333333334,0.37473684210526315,0.5337331334332833,15830,
485,PL,2000,0.05,0.0,4,SybilGCN_L8_noDropout,45,0.8583464999999999,0.7731578947368422,0.7667009249743063,0.7852631578947369,0.7758710348413936,27972,
486,PL,2000,0.05,0.0,4,SybilRGCN_L2_noDropout,45,0.7929050000000001,0.5063157894736842,0.875,0.014736842105263158,0.028985507246376812,9514,
487,PL,2000,0.05,0.0,4,SybilGAT_L2,45,0.909509,0.5121052631578947,1.0,0.024210526315789474,0.047276464542651594,5283,
488,PL,2000,0.05,0.0,4,SybilGAT_L4,45,0.948659,0.611578947368421,0.9953271028037384,0.22421052631578947,0.36597938144329895,1991,
489,PL,2000,0.05,0.0,4,SybilGAT_L8,45,0.9803979999999999,0.7357894736842105,0.9977777777777778,0.4726315789473684,0.6414285714285715,3358,
490,PL,2000,0.05,0.0,4,SybilRank,46,0.9888720000000001,0.9405263157894737,0.9400630914826499,0.9410526315789474,0.9405576012624934,79,
491,PL,2000,0.05,0.0,4,SybilBelief,46,0.9817549999999999,0.9263157894736842,0.972027972027972,0.8778947368421053,0.922566371681416,163,
492,PL,2000,0.05,0.0,4,SybilSCAR,46,0.8646609999999999,0.6631578947368421,0.8399122807017544,0.4031578947368421,0.5448079658605974,33,
493,PL,2000,0.05,0.0,4,SybilGCN_L2_noDropout,46,0.853744,0.5131578947368421,1.0,0.02631578947368421,0.05128205128205128,9169,
494,PL,2000,0.05,0.0,4,SybilGCN_L4_noDropout,46,0.9227839999999999,0.7147368421052631,0.9636363636363636,0.4463157894736842,0.6100719424460431,17705,
495,PL,2000,0.05,0.0,4,SybilGCN_L8_noDropout,46,0.9343219999999999,0.8131578947368421,0.9460269865067467,0.6642105263157895,0.7804576376004947,28560,
496,PL,2000,0.05,0.0,4,SybilRGCN_L2_noDropout,46,0.8397540000000001,0.5157894736842106,0.96875,0.03263157894736842,0.06313645621181263,9779,
497,PL,2000,0.05,0.0,4,SybilGAT_L2,46,0.855471,0.5147368421052632,1.0,0.029473684210526315,0.05725971370143149,2365,
498,PL,2000,0.05,0.0,4,SybilGAT_L4,46,0.934787,0.6805263157894736,0.9750692520775623,0.3705263157894737,0.5369946605644547,1713,
499,PL,2000,0.05,0.0,4,SybilGAT_L8,46,0.982971,0.8852631578947369,0.9803149606299213,0.7863157894736842,0.8726635514018691,2058,
500,PL,2000,0.05,0.0,6,SybilRank,42,0.817613,0.7489473684210526,0.7481636935991606,0.7505263157894737,0.7493431424067262,87,
501,PL,2000,0.05,0.0,6,SybilBelief,42,0.5223479999999999,0.5,inf,0.0,0.0,133,
502,PL,2000,0.05,0.0,6,SybilSCAR,42,0.7605270000000001,0.631578947368421,0.744140625,0.4010526315789474,0.521203830369357,110,
503,PL,2000,0.05,0.0,6,SybilGCN_L2_noDropout,42,0.7864880000000001,0.5163157894736842,1.0,0.03263157894736842,0.06320081549439348,9419,
504,PL,2000,0.05,0.0,6,SybilGCN_L4_noDropout,42,0.8153519999999999,0.7152631578947368,0.7876230661040787,0.5894736842105263,0.6742925948223961,15986,
505,PL,2000,0.05,0.0,6,SybilGCN_L8_noDropout,42,0.7912170000000001,0.6736842105263158,0.7806122448979592,0.4831578947368421,0.5968790637191157,29269,
506,PL,2000,0.05,0.0,6,SybilRGCN_L2_noDropout,42,0.743797,0.5052631578947369,0.8125,0.01368421052631579,0.026915113871635612,10352,
507,PL,2000,0.05,0.0,6,SybilGAT_L2,42,0.7712424999999998,0.5036842105263157,1.0,0.007368421052631579,0.014629049111807733,818,
508,PL,2000,0.05,0.0,6,SybilGAT_L4,42,0.8186279999999999,0.7189473684210527,0.749400479616307,0.6578947368421053,0.7006726457399103,2359,
509,PL,2000,0.05,0.0,6,SybilGAT_L8,42,0.8565435,0.7147368421052631,0.8481228668941979,0.5231578947368422,0.6471354166666666,4960,
510,PL,2000,0.05,0.0,6,SybilRank,43,0.845009,0.7636842105263157,0.7612095933263816,0.7684210526315789,0.7647983237297015,86,
511,PL,2000,0.05,0.0,6,SybilBelief,43,0.514694,0.5,inf,0.0,0.0,133,
512,PL,2000,0.05,0.0,6,SybilSCAR,43,0.7115769999999999,0.5873684210526315,0.6653386454183267,0.35157894736842105,0.46005509641873277,36,
513,PL,2000,0.05,0.0,6,SybilGCN_L2_noDropout,43,0.7834620000000001,0.5036842105263157,1.0,0.007368421052631579,0.014629049111807733,9049,
514,PL,2000,0.05,0.0,6,SybilGCN_L4_noDropout,43,0.8064605,0.5821052631578948,0.8939393939393939,0.1863157894736842,0.3083623693379791,15835,
515,PL,2000,0.05,0.0,6,SybilGCN_L8_noDropout,43,0.719735,0.6405263157894737,0.6763540290620872,0.5389473684210526,0.5998828353837141,28982,
516,PL,2000,0.05,0.0,6,SybilRGCN_L2_noDropout,43,0.8003959999999999,0.5,inf,0.0,0.0,10014,
517,PL,2000,0.05,0.0,6,SybilGAT_L2,43,0.7624879999999999,0.5536842105263158,0.75,0.16105263157894736,0.2651646447140381,2077,
518,PL,2000,0.05,0.0,6,SybilGAT_L4,43,0.8154714999999999,0.6210526315789474,0.8549382716049383,0.29157894736842105,0.434850863422292,2012,
519,PL,2000,0.05,0.0,6,SybilGAT_L8,43,0.8396825,0.7189473684210527,0.8023255813953488,0.5810526315789474,0.673992673992674,4514,
520,PL,2000,0.05,0.0,6,SybilRank,44,0.896795,0.81,0.8096740273396424,0.8105263157894737,0.8100999473961074,87,
521,PL,2000,0.05,0.0,6,SybilBelief,44,0.522475,0.5,inf,0.0,0.0,98,
522,PL,2000,0.05,0.0,6,SybilSCAR,44,0.777386,0.5868421052631579,0.7777777777777778,0.2431578947368421,0.37048917401764236,37,
523,PL,2000,0.05,0.0,6,SybilGCN_L2_noDropout,44,0.8016850000000001,0.5078947368421053,1.0,0.015789473684210527,0.031088082901554404,9173,
524,PL,2000,0.05,0.0,6,SybilGCN_L4_noDropout,44,0.831942,0.6373684210526316,0.9453924914675768,0.29157894736842105,0.4456958970233307,16140,
525,PL,2000,0.05,0.0,6,SybilGCN_L8_noDropout,44,0.17028700000000002,0.5,inf,0.0,0.0,364,
526,PL,2000,0.05,0.0,6,SybilRGCN_L2_noDropout,44,0.8004849999999999,0.5005263157894737,1.0,0.0010526315789473684,0.002103049421661409,10344,
527,PL,2000,0.05,0.0,6,SybilGAT_L2,44,0.8522989999999999,0.5073684210526316,1.0,0.014736842105263158,0.029045643153526972,6888,
528,PL,2000,0.05,0.0,6,SybilGAT_L4,44,0.8470679999999999,0.7452631578947368,0.7703016241299304,0.6989473684210527,0.7328918322295805,3500,
529,PL,2000,0.05,0.0,6,SybilGAT_L8,44,0.8986145000000001,0.791578947368421,0.7748015873015873,0.8221052631578948,0.797752808988764,6512,
530,PL,2000,0.05,0.0,6,SybilRank,45,0.783843,0.7136842105263158,0.7127882599580713,0.7157894736842105,0.7142857142857143,86,
531,PL,2000,0.05,0.0,6,SybilBelief,45,0.510834,0.5,0.5,1.0,0.6666666666666666,80,
532,PL,2000,0.05,0.0,6,SybilSCAR,45,0.7581680000000001,0.5210526315789473,0.5109409190371991,0.9831578947368421,0.6724262059035278,35,
533,PL,2000,0.05,0.0,6,SybilGCN_L2_noDropout,45,0.783999,0.5005263157894737,0.6666666666666666,0.002105263157894737,0.004197271773347324,8107,
534,PL,2000,0.05,0.0,6,SybilGCN_L4_noDropout,45,0.7991489999999999,0.6078947368421053,0.8078078078078078,0.2831578947368421,0.4193296960249415,15989,
535,PL,2000,0.05,0.0,6,SybilGCN_L8_noDropout,45,0.749158,0.6789473684210526,0.6683168316831684,0.7105263157894737,0.6887755102040817,4430,
536,PL,2000,0.05,0.0,6,SybilRGCN_L2_noDropout,45,0.8143520000000001,0.5068421052631579,0.8823529411764706,0.015789473684210527,0.031023784901758014,10289,
537,PL,2000,0.05,0.0,6,SybilGAT_L2,45,0.8279890000000001,0.5210526315789473,0.9347826086956522,0.045263157894736845,0.08634538152610442,3869,
538,PL,2000,0.05,0.0,6,SybilGAT_L4,45,0.840796,0.6847368421052632,0.8517034068136272,0.4473684210526316,0.5866114561766735,2485,
539,PL,2000,0.05,0.0,6,SybilGAT_L8,45,0.8816494999999999,0.7263157894736842,0.8719723183391004,0.5305263157894737,0.6596858638743456,3614,
540,PL,2000,0.05,0.0,6,SybilRank,46,0.847857,0.7684210526315789,0.7661795407098121,0.7726315789473684,0.7693920335429769,87,
541,PL,2000,0.05,0.0,6,SybilBelief,46,0.5168685000000001,0.5,inf,0.0,0.0,116,
542,PL,2000,0.05,0.0,6,SybilSCAR,46,0.746764,0.5931578947368421,0.697986577181208,0.32842105263157895,0.44667143879742305,37,
543,PL,2000,0.05,0.0,6,SybilGCN_L2_noDropout,46,0.7728900000000001,0.5047368421052632,1.0,0.009473684210526316,0.018769551616266946,9083,
544,PL,2000,0.05,0.0,6,SybilGCN_L4_noDropout,46,0.795803,0.6794736842105263,0.7904599659284497,0.4884210526315789,0.6037735849056604,15738,
545,PL,2000,0.05,0.0,6,SybilGCN_L8_noDropout,46,0.16439600000000001,0.5,inf,0.0,0.0,506,
546,PL,2000,0.05,0.0,6,SybilRGCN_L2_noDropout,46,0.788025,0.5957894736842105,0.85,0.2326315789473684,0.3652892561983471,10063,
547,PL,2000,0.05,0.0,6,SybilGAT_L2,46,0.761949,0.5126315789473684,0.9615384615384616,0.02631578947368421,0.05122950819672131,1322,
548,PL,2000,0.05,0.0,6,SybilGAT_L4,46,0.819184,0.598421052631579,0.9269406392694064,0.21368421052631578,0.3473053892215569,1254,
549,PL,2000,0.05,0.0,6,SybilGAT_L8,46,0.862117,0.7368421052631579,0.6749611197511665,0.9136842105263158,0.776386404293381,2282,
550,PL,2000,0.05,0.0,8,SybilRank,42,0.6008969999999999,0.5857894736842105,0.5849843587069864,0.5905263157894737,0.5877422734415925,94,
551,PL,2000,0.05,0.0,8,SybilBelief,42,0.51393,0.5,inf,0.0,0.0,125,
552,PL,2000,0.05,0.0,8,SybilSCAR,42,0.672945,0.5810526315789474,0.6336805555555556,0.38421052631578945,0.4783748361730013,120,
553,PL,2000,0.05,0.0,8,SybilGCN_L2_noDropout,42,0.7302765,0.5026315789473684,1.0,0.005263157894736842,0.010471204188481676,9169,
554,PL,2000,0.05,0.0,8,SybilGCN_L4_noDropout,42,0.717386,0.6121052631578947,0.7059961315280464,0.38421052631578945,0.49761417859577367,16148,
555,PL,2000,0.05,0.0,8,SybilGCN_L8_noDropout,42,0.677018,0.5978947368421053,0.6409090909090909,0.44526315789473686,0.5254658385093167,33884,
556,PL,2000,0.05,0.0,8,SybilRGCN_L2_noDropout,42,0.69737,0.5031578947368421,0.875,0.007368421052631579,0.014613778705636743,10090,
557,PL,2000,0.05,0.0,8,SybilGAT_L2,42,0.7148415,0.5021052631578947,1.0,0.004210526315789474,0.008385744234800839,824,
558,PL,2000,0.05,0.0,8,SybilGAT_L4,42,0.7290675,0.6289473684210526,0.6296296296296297,0.6263157894736842,0.6279683377308707,3042,
559,PL,2000,0.05,0.0,8,SybilGAT_L8,42,0.707738,0.5773684210526315,0.7261538461538461,0.24842105263157896,0.37019607843137253,1457,
560,PL,2000,0.05,0.0,8,SybilRank,43,0.611291,0.578421052631579,0.5778474399164054,0.5821052631578948,0.5799685369690614,94,
561,PL,2000,0.05,0.0,8,SybilBelief,43,0.5100875,0.5,inf,0.0,0.0,109,
562,PL,2000,0.05,0.0,8,SybilSCAR,43,0.6291880000000001,0.5221052631578947,0.5507246376811594,0.24,0.3343108504398827,40,
563,PL,2000,0.05,0.0,8,SybilGCN_L2_noDropout,43,0.733911,0.4994736842105263,0.0,0.0,0.0,9269,
564,PL,2000,0.05,0.0,8,SybilGCN_L4_noDropout,43,0.719316,0.5515789473684211,0.7916666666666666,0.14,0.23792486583184258,16284,
565,PL,2000,0.05,0.0,8,SybilGCN_L8_noDropout,43,0.617418,0.5542105263157895,0.6075156576200418,0.3063157894736842,0.4072778166550035,8378,
566,PL,2000,0.05,0.0,8,SybilRGCN_L2_noDropout,43,0.7620254999999999,0.5,inf,0.0,0.0,10030,
567,PL,2000,0.05,0.0,8,SybilGAT_L2,43,0.747729,0.5089473684210526,0.7297297297297297,0.028421052631578948,0.0547112462006079,2700,
568,PL,2000,0.05,0.0,8,SybilGAT_L4,43,0.730151,0.6173684210526316,0.6801292407108239,0.4431578947368421,0.5366475462077757,2340,
569,PL,2000,0.05,0.0,8,SybilGAT_L8,43,0.6828265,0.6021052631578947,0.6426470588235295,0.46,0.5361963190184049,3014,
570,PL,2000,0.05,0.0,8,SybilRank,44,0.684976,0.6226315789473684,0.6217345872518286,0.6263157894736842,0.6240167802831673,94,
571,PL,2000,0.05,0.0,8,SybilBelief,44,0.518806,0.5,inf,0.0,0.0,87,
572,PL,2000,0.05,0.0,8,SybilSCAR,44,0.684334,0.5442105263157895,0.6409395973154363,0.20105263157894737,0.3060897435897436,39,
573,PL,2000,0.05,0.0,8,SybilGCN_L2_noDropout,44,0.745387,0.5010526315789474,1.0,0.002105263157894737,0.004201680672268907,9317,
574,PL,2000,0.05,0.0,8,SybilGCN_L4_noDropout,44,0.7422819999999999,0.611578947368421,0.7819148936170213,0.3094736842105263,0.4434389140271493,16550,
575,PL,2000,0.05,0.0,8,SybilGCN_L8_noDropout,44,0.386002,0.5,inf,0.0,0.0,465,
576,PL,2000,0.05,0.0,8,SybilRGCN_L2_noDropout,44,0.74438,0.5042105263157894,1.0,0.008421052631578947,0.016701461377870562,9942,
577,PL,2000,0.05,0.0,8,SybilGAT_L2,44,0.7413095,0.5126315789473684,0.9615384615384616,0.02631578947368421,0.05122950819672131,1112,
578,PL,2000,0.05,0.0,8,SybilGAT_L4,44,0.760195,0.6705263157894736,0.6933174224343676,0.611578947368421,0.6498881431767338,3869,
579,PL,2000,0.05,0.0,8,SybilGAT_L8,44,0.763853,0.6789473684210526,0.7058111380145279,0.6136842105263158,0.6565315315315315,1159,
580,PL,2000,0.05,0.0,8,SybilRank,45,0.6257510000000001,0.5952631578947368,0.5939771547248183,0.6021052631578947,0.5980135912179823,94,
581,PL,2000,0.05,0.0,8,SybilBelief,45,0.510737,0.5,0.5,1.0,0.6666666666666666,81,
582,PL,2000,0.05,0.0,8,SybilSCAR,45,0.673884,0.5068421052631579,0.5034965034965035,0.9852631578947368,0.6664293342826628,41,
583,PL,2000,0.05,0.0,8,SybilGCN_L2_noDropout,45,0.736918,0.5010526315789474,0.625,0.005263157894736842,0.010438413361169102,9819,
584,PL,2000,0.05,0.0,8,SybilGCN_L4_noDropout,45,0.7212845,0.5526315789473685,0.7066115702479339,0.18,0.28691275167785235,16719,
585,PL,2000,0.05,0.0,8,SybilGCN_L8_noDropout,45,0.591773,0.5236842105263158,0.5558312655086849,0.23578947368421052,0.3311160384331116,4136,
586,PL,2000,0.05,0.0,8,SybilRGCN_L2_noDropout,45,0.765458,0.5047368421052632,0.8,0.01263157894736842,0.024870466321243522,10425,
587,PL,2000,0.05,0.0,8,SybilGAT_L2,45,0.7474705,0.5010526315789474,1.0,0.002105263157894737,0.004201680672268907,4148,
588,PL,2000,0.05,0.0,8,SybilGAT_L4,45,0.7620560000000001,0.6621052631578948,0.7206303724928367,0.5294736842105263,0.6104368932038835,2044,
589,PL,2000,0.05,0.0,8,SybilGAT_L8,45,0.756217,0.6436842105263157,0.7090352220520674,0.48736842105263156,0.577666874610106,1999,
590,PL,2000,0.05,0.0,8,SybilRank,46,0.6300399999999999,0.5978947368421053,0.5962732919254659,0.6063157894736843,0.6012526096033403,95,
591,PL,2000,0.05,0.0,8,SybilBelief,46,0.5111835,0.5,inf,0.0,0.0,97,
592,PL,2000,0.05,0.0,8,SybilSCAR,46,0.665233,0.5463157894736842,0.6009174311926605,0.27578947368421053,0.37806637806637805,41,
593,PL,2000,0.05,0.0,8,SybilGCN_L2_noDropout,46,0.7229129999999999,0.5063157894736842,0.875,0.014736842105263158,0.028985507246376812,9323,
594,PL,2000,0.05,0.0,8,SybilGCN_L4_noDropout,46,0.716931,0.62,0.7345679012345679,0.3757894736842105,0.4972144846796657,16490,
595,PL,2000,0.05,0.0,8,SybilGCN_L8_noDropout,46,0.303517,0.5,inf,0.0,0.0,464,
596,PL,2000,0.05,0.0,8,SybilRGCN_L2_noDropout,46,0.710658,0.5531578947368421,0.7988165680473372,0.14210526315789473,0.24128686327077747,10171,
597,PL,2000,0.05,0.0,8,SybilGAT_L2,46,0.7192195,0.6047368421052631,0.7103594080338267,0.35368421052631577,0.47224174279690795,1587,
598,PL,2000,0.05,0.0,8,SybilGAT_L4,46,0.7380085000000001,0.631578947368421,0.6940993788819876,0.4705263157894737,0.560853199498118,3087,
599,PL,2000,0.05,0.0,8,SybilGAT_L8,46,0.7224430000000001,0.6473684210526316,0.6452282157676349,0.6547368421052632,0.6499477533960293,2202,
600,PL,2000,0.05,0.0,10,SybilRank,42,0.472273,0.4763157894736842,0.47658688865764826,0.48210526315789476,0.4793301936159079,103,
601,PL,2000,0.05,0.0,10,SybilBelief,42,0.512697,0.5,0.5,1.0,0.6666666666666666,127,
602,PL,2000,0.05,0.0,10,SybilSCAR,42,0.6097950000000001,0.5363157894736842,0.5555555555555556,0.3631578947368421,0.4392106938255888,45,
603,PL,2000,0.05,0.0,10,SybilGCN_L2_noDropout,42,0.6968190000000001,0.5005263157894737,1.0,0.0010526315789473684,0.002103049421661409,9878,
604,PL,2000,0.05,0.0,10,SybilGCN_L4_noDropout,42,0.672784,0.5678947368421052,0.6675324675324675,0.27052631578947367,0.3850187265917603,15718,
605,PL,2000,0.05,0.0,10,SybilGCN_L8_noDropout,42,0.621408,0.5815789473684211,0.5588458618071375,0.7747368421052632,0.6493162770180856,31526,
606,PL,2000,0.05,0.0,10,SybilRGCN_L2_noDropout,42,0.692606,0.5031578947368421,1.0,0.00631578947368421,0.012552301255230125,10743,
607,PL,2000,0.05,0.0,10,SybilGAT_L2,42,0.6907895000000001,0.5010526315789474,1.0,0.002105263157894737,0.004201680672268907,894,
608,PL,2000,0.05,0.0,10,SybilGAT_L4,42,0.6831915,0.5615789473684211,0.6811145510835913,0.23157894736842105,0.34564021995286726,3192,
609,PL,2000,0.05,0.0,10,SybilGAT_L8,42,0.642333,0.5763157894736842,0.5981055480378891,0.4652631578947368,0.5233866193013618,3448,
610,PL,2000,0.05,0.0,10,SybilRank,43,0.37802399999999997,0.3968421052631579,0.39705882352941174,0.39789473684210525,0.39747634069400634,102,
611,PL,2000,0.05,0.0,10,SybilBelief,43,0.509761,0.5,inf,0.0,0.0,93,
612,PL,2000,0.05,0.0,10,SybilSCAR,43,0.5800000000000001,0.49315789473684213,0.4845605700712589,0.21473684210526317,0.2975929978118162,44,
613,PL,2000,0.05,0.0,10,SybilGCN_L2_noDropout,43,0.7243170000000001,0.5005263157894737,1.0,0.0010526315789473684,0.002103049421661409,10034,
614,PL,2000,0.05,0.0,10,SybilGCN_L4_noDropout,43,0.70017,0.5505263157894736,0.7242990654205608,0.1631578947368421,0.2663230240549828,17266,
615,PL,2000,0.05,0.0,10,SybilGCN_L8_noDropout,43,0.578111,0.531578947368421,0.5666666666666667,0.26842105263157895,0.36428571428571427,3142,
616,PL,2000,0.05,0.0,10,SybilRGCN_L2_noDropout,43,0.745328,0.5021052631578947,1.0,0.004210526315789474,0.008385744234800839,10786,
617,PL,2000,0.05,0.0,10,SybilGAT_L2,43,0.6955380000000001,0.6131578947368421,0.6257309941520468,0.5631578947368421,0.592797783933518,3967,
618,PL,2000,0.05,0.0,10,SybilGAT_L4,43,0.6847815,0.5978947368421053,0.6347826086956522,0.4610526315789474,0.5341463414634147,3786,
619,PL,2000,0.05,0.0,10,SybilGAT_L8,43,0.6328664999999999,0.5763157894736842,0.570869990224829,0.6147368421052631,0.5919918905220476,1782,
620,PL,2000,0.05,0.0,10,SybilRank,44,0.41489299999999996,0.41736842105263156,0.4188210961737332,0.4263157894736842,0.4225352112676056,102,
621,PL,2000,0.05,0.0,10,SybilBelief,44,0.510552,0.5,inf,0.0,0.0,83,
622,PL,2000,0.05,0.0,10,SybilSCAR,44,0.629465,0.52,0.5708955223880597,0.16105263157894736,0.2512315270935961,44,
623,PL,2000,0.05,0.0,10,SybilGCN_L2_noDropout,44,0.7329140000000001,0.5010526315789474,1.0,0.002105263157894737,0.004201680672268907,9860,
624,PL,2000,0.05,0.0,10,SybilGCN_L4_noDropout,44,0.7207775000000001,0.5421052631578948,0.8703703703703703,0.09894736842105263,0.1776937618147448,16970,
625,PL,2000,0.05,0.0,10,SybilGCN_L8_noDropout,44,0.446606,0.5,inf,0.0,0.0,501,
626,PL,2000,0.05,0.0,10,SybilRGCN_L2_noDropout,44,0.761155,0.5,inf,0.0,0.0,10665,
627,PL,2000,0.05,0.0,10,SybilGAT_L2,44,0.719741,0.5,inf,0.0,0.0,1906,
628,PL,2000,0.05,0.0,10,SybilGAT_L4,44,0.718198,0.6326315789473684,0.625748502994012,0.66,0.6424180327868853,3005,
629,PL,2000,0.05,0.0,10,SybilGAT_L8,44,0.6935035,0.6231578947368421,0.6291390728476821,0.6,0.6142241379310345,1034,
630,PL,2000,0.05,0.0,10,SybilRank,45,0.457109,0.4626315789473684,0.46282722513089003,0.4652631578947368,0.46404199475065616,102,
631,PL,2000,0.05,0.0,10,SybilBelief,45,0.509676,0.5,0.5,1.0,0.6666666666666666,77,
632,PL,2000,0.05,0.0,10,SybilSCAR,45,0.6114109999999999,0.5005263157894737,0.5002666666666666,0.9873684210526316,0.664070796460177,44,
633,PL,2000,0.05,0.0,10,SybilGCN_L2_noDropout,45,0.7168910000000001,0.5005263157894737,0.6,0.003157894736842105,0.0062827225130890054,9930,
634,PL,2000,0.05,0.0,10,SybilGCN_L4_noDropout,45,0.690826,0.5594736842105263,0.6467532467532467,0.26210526315789473,0.37303370786516854,17356,
635,PL,2000,0.05,0.0,10,SybilGCN_L8_noDropout,45,0.5419404999999999,0.49894736842105264,0.4948453608247423,0.10105263157894737,0.16783216783216784,4075,
636,PL,2000,0.05,0.0,10,SybilRGCN_L2_noDropout,45,0.69074,0.5042105263157894,0.75,0.01263157894736842,0.024844720496894408,302490,
637,PL,2000,0.05,0.0,10,SybilGAT_L2,45,0.753323,0.5126315789473684,0.9,0.028421052631578948,0.05510204081632653,6402,
638,PL,2000,0.05,0.0,10,SybilGAT_L4,45,0.7188955,0.611578947368421,0.6501416430594901,0.4831578947368421,0.5543478260869565,1833,
639,PL,2000,0.05,0.0,10,SybilGAT_L8,45,0.6780025000000001,0.5668421052631579,0.6247544204322201,0.33473684210526317,0.43591501028101437,2687,
640,PL,2000,0.05,0.0,10,SybilRank,46,0.417799,0.4305263157894737,0.4315352697095436,0.4378947368421053,0.4346917450365726,100,
641,PL,2000,0.05,0.0,10,SybilBelief,46,0.511675,0.5,inf,0.0,0.0,91,
642,PL,2000,0.05,0.0,10,SybilSCAR,46,0.614607,0.5110526315789473,0.5231788079470199,0.24947368421052632,0.3378474697077691,43,
643,PL,2000,0.05,0.0,10,SybilGCN_L2_noDropout,46,0.710023,0.5042105263157894,1.0,0.008421052631578947,0.016701461377870562,9353,
644,PL,2000,0.05,0.0,10,SybilGCN_L4_noDropout,46,0.692185,0.5736842105263158,0.7243589743589743,0.23789473684210527,0.358161648177496,16110,
645,PL,2000,0.05,0.0,10,SybilGCN_L8_noDropout,46,0.37563650000000004,0.5,inf,0.0,0.0,380,
646,PL,2000,0.05,0.0,10,SybilRGCN_L2_noDropout,46,0.706858,0.5321052631578947,0.7850467289719626,0.08842105263157894,0.15894039735099338,84203,
647,PL,2000,0.05,0.0,10,SybilGAT_L2,46,0.672911,0.5705263157894737,0.6259398496240601,0.3505263157894737,0.4493927125506073,2239,
648,PL,2000,0.05,0.0,10,SybilGAT_L4,46,0.6758710000000001,0.5742105263157895,0.6974789915966386,0.26210526315789473,0.38102524866105586,4570,
649,PL,2000,0.05,0.0,10,SybilGAT_L8,46,0.3561265,0.5,inf,0.0,0.0,1059,
650,PL,2000,0.05,0.0,12,SybilRank,42,0.257737,0.30473684210526314,0.3073727933541018,0.31157894736842107,0.30946157867224255,107,
651,PL,2000,0.05,0.0,12,SybilBelief,42,0.518988,0.5,0.5,1.0,0.6666666666666666,98,
652,PL,2000,0.05,0.0,12,SybilSCAR,42,0.572373,0.5147368421052632,0.5196629213483146,0.3894736842105263,0.4452466907340554,47,
653,PL,2000,0.05,0.0,12,SybilGCN_L2_noDropout,42,0.7121009999999999,0.5010526315789474,1.0,0.002105263157894737,0.004201680672268907,10050,
654,PL,2000,0.05,0.0,12,SybilGCN_L4_noDropout,42,0.6982,0.57,0.7111111111111111,0.23578947368421052,0.3541501976284585,18801,
655,PL,2000,0.05,0.0,12,SybilGCN_L8_noDropout,42,0.644546,0.6005263157894737,0.5867393278837421,0.68,0.6299366162847392,32519,
656,PL,2000,0.05,0.0,12,SybilRGCN_L2_noDropout,42,0.7208399999999999,0.5057894736842106,0.9230769230769231,0.01263157894736842,0.024922118380062305,10964,
657,PL,2000,0.05,0.0,12,SybilGAT_L2,42,0.707935,0.5,inf,0.0,0.0,983,
658,PL,2000,0.05,0.0,12,SybilGAT_L4,42,0.6972674999999999,0.6321052631578947,0.6053736356003359,0.7589473684210526,0.6735170481083605,168120,
659,PL,2000,0.05,0.0,12,SybilGAT_L8,42,0.648998,0.5594736842105263,0.6263982102908278,0.29473684210526313,0.4008589835361489,1508,
660,PL,2000,0.05,0.0,12,SybilRank,43,0.166147,0.23210526315789473,0.23406478578892373,0.23578947368421052,0.23492396434189827,113,
661,PL,2000,0.05,0.0,12,SybilBelief,43,0.5136525000000001,0.5,inf,0.0,0.0,101,
662,PL,2000,0.05,0.0,12,SybilSCAR,43,0.535497,0.4652631578947368,0.43037974683544306,0.21473684210526317,0.28651685393258425,48,
663,PL,2000,0.05,0.0,12,SybilGCN_L2_noDropout,43,0.7339260000000001,0.5036842105263157,0.8181818181818182,0.009473684210526316,0.018730489073881373,10780,
664,PL,2000,0.05,0.0,12,SybilGCN_L4_noDropout,43,0.729985,0.5863157894736842,0.7515337423312883,0.2578947368421053,0.384012539184953,18244,
665,PL,2000,0.05,0.0,12,SybilGCN_L8_noDropout,43,0.5933695,0.5436842105263158,0.6309148264984227,0.21052631578947367,0.31570639305445936,3272,
666,PL,2000,0.05,0.0,12,SybilRGCN_L2_noDropout,43,0.789432,0.5010526315789474,1.0,0.002105263157894737,0.004201680672268907,11169,
667,PL,2000,0.05,0.0,12,SybilGAT_L2,43,0.71144,0.5010526315789474,0.5238095238095238,0.023157894736842106,0.04435483870967742,1802,
668,PL,2000,0.05,0.0,12,SybilGAT_L4,43,0.7326064999999999,0.5173684210526316,0.8113207547169812,0.045263157894736845,0.08574277168494517,2298,
669,PL,2000,0.05,0.0,12,SybilGAT_L8,43,0.6743264999999999,0.5868421052631579,0.6722338204592901,0.3389473684210526,0.45066480055983205,1715,
670,PL,2000,0.05,0.0,12,SybilRank,44,0.147408,0.20526315789473684,0.20711297071129708,0.20842105263157895,0.20776495278069254,109,
671,PL,2000,0.05,0.0,12,SybilBelief,44,0.513982,0.5,inf,0.0,0.0,89,
672,PL,2000,0.05,0.0,12,SybilSCAR,44,0.577685,0.49473684210526314,0.48333333333333334,0.15263157894736842,0.232,48,
673,PL,2000,0.05,0.0,12,SybilGCN_L2_noDropout,44,0.7505040000000001,0.501578947368421,1.0,0.003157894736842105,0.0062959076600209865,10461,
674,PL,2000,0.05,0.0,12,SybilGCN_L4_noDropout,44,0.749001,0.5394736842105263,0.9213483146067416,0.0863157894736842,0.15784408084696824,18496,
675,PL,2000,0.05,0.0,12,SybilGCN_L8_noDropout,44,0.47417850000000006,0.5,inf,0.0,0.0,431,
676,PL,2000,0.05,0.0,12,SybilRGCN_L2_noDropout,44,0.7858130000000001,0.5,inf,0.0,0.0,11234,
677,PL,2000,0.05,0.0,12,SybilGAT_L2,44,0.7241789999999999,0.5005263157894737,1.0,0.0010526315789473684,0.002103049421661409,2082,
678,PL,2000,0.05,0.0,12,SybilGAT_L4,44,0.716858,0.6052631578947368,0.717391304347826,0.3473684210526316,0.46808510638297873,3756,
679,PL,2000,0.05,0.0,12,SybilGAT_L8,44,0.7031000000000001,0.6273684210526316,0.6135084427767354,0.6884210526315789,0.6488095238095238,3879,
680,PL,2000,0.05,0.0,12,SybilRank,45,0.213121,0.27421052631578946,0.2767950052029136,0.28,0.2783882783882784,110,
681,PL,2000,0.05,0.0,12,SybilBelief,45,0.498924,0.5,0.5,1.0,0.6666666666666666,68,
682,PL,2000,0.05,0.0,12,SybilSCAR,45,0.570686,0.4978947368421053,0.4989350372736954,0.9863157894736843,0.6626591230551626,49,
683,PL,2000,0.05,0.0,12,SybilGCN_L2_noDropout,45,0.731318,0.501578947368421,0.7142857142857143,0.005263157894736842,0.01044932079414838,10455,
684,PL,2000,0.05,0.0,12,SybilGCN_L4_noDropout,45,0.721318,0.5610526315789474,0.7196969696969697,0.2,0.3130148270181219,18096,
685,PL,2000,0.05,0.0,12,SybilGCN_L8_noDropout,45,0.5381985,0.508421052631579,0.5180180180180181,0.24210526315789474,0.3299856527977044,4067,
686,PL,2000,0.05,0.0,12,SybilRGCN_L2_noDropout,45,0.7777109999999999,0.5110526315789473,0.8888888888888888,0.02526315789473684,0.04912998976458546,11135,
687,PL,2000,0.05,0.0,12,SybilGAT_L2,45,0.6714325000000001,0.5731578947368421,0.6077519379844961,0.4126315789473684,0.4915360501567398,4469,
688,PL,2000,0.05,0.0,12,SybilGAT_L4,45,0.7336040000000001,0.6073684210526316,0.7151898734177216,0.3568421052631579,0.476123595505618,2267,
689,PL,2000,0.05,0.0,12,SybilGAT_L8,45,0.696782,0.6173684210526316,0.6262740656851642,0.5821052631578948,0.6033824331696672,1824,
690,PL,2000,0.05,0.0,12,SybilRank,46,0.173612,0.23210526315789473,0.2351716961498439,0.23789473684210527,0.23652537938252224,110,
691,PL,2000,0.05,0.0,12,SybilBelief,46,0.5170765,0.5,inf,0.0,0.0,100,
692,PL,2000,0.05,0.0,12,SybilSCAR,46,0.571407,0.4863157894736842,0.47509578544061304,0.26105263157894737,0.33695652173913043,148,
693,PL,2000,0.05,0.0,12,SybilGCN_L2_noDropout,46,0.7136149999999999,0.5005263157894737,0.6666666666666666,0.002105263157894737,0.004197271773347324,10300,
694,PL,2000,0.05,0.0,12,SybilGCN_L4_noDropout,46,0.708434,0.6063157894736843,0.7121848739495799,0.3568421052631579,0.47545582047685836,18128,
695,PL,2000,0.05,0.0,12,SybilGCN_L8_noDropout,46,0.3409065,0.5,inf,0.0,0.0,272,
696,PL,2000,0.05,0.0,12,SybilRGCN_L2_noDropout,46,0.717252,0.5236842105263158,0.8082191780821918,0.06210526315789474,0.11534701857282502,11086,
697,PL,2000,0.05,0.0,12,SybilGAT_L2,46,0.6702269999999999,0.5705263157894737,0.6278625954198473,0.3463157894736842,0.44640434192673,2254,
698,PL,2000,0.05,0.0,12,SybilGAT_L4,46,0.702747,0.6021052631578947,0.7184684684684685,0.3357894736842105,0.45767575322812054,2662,
699,PL,2000,0.05,0.0,12,SybilGAT_L8,46,0.651669,0.5773684210526315,0.5563218390804597,0.7642105263157895,0.6439024390243903,1348,
700,PL,2000,0.05,0.0,14,SybilRank,42,0.07777300000000001,0.14421052631578948,0.14718162839248433,0.14842105263157895,0.14779874213836477,118,
701,PL,2000,0.05,0.0,14,SybilBelief,42,0.521125,0.5,0.5,1.0,0.6666666666666666,106,
702,PL,2000,0.05,0.0,14,SybilSCAR,42,0.535794,0.48578947368421055,0.48040638606676345,0.34842105263157896,0.40390482001220257,53,
703,PL,2000,0.05,0.0,14,SybilGCN_L2_noDropout,42,0.741389,0.5,inf,0.0,0.0,10705,
704,PL,2000,0.05,0.0,14,SybilGCN_L4_noDropout,42,0.7664759999999999,0.5431578947368421,0.8014705882352942,0.11473684210526315,0.2007366482504604,18618,
705,PL,2000,0.05,0.0,14,SybilGCN_L8_noDropout,42,0.752786,0.6673684210526316,0.7184065934065934,0.5505263157894736,0.6233611442193087,34256,
706,PL,2000,0.05,0.0,14,SybilRGCN_L2_noDropout,42,0.759925,0.5042105263157894,0.9,0.009473684210526316,0.01875,11407,
707,PL,2000,0.05,0.0,14,SybilGAT_L2,42,0.7311479999999999,0.5,inf,0.0,0.0,997,
708,PL,2000,0.05,0.0,14,SybilGAT_L4,42,0.7566945,0.59,0.7840531561461794,0.24842105263157896,0.37729816147082335,3552,
709,PL,2000,0.05,0.0,14,SybilGAT_L8,42,0.7494959999999999,0.6657894736842105,0.7221438645980254,0.5389473684210526,0.6172393007836046,2007,
710,PL,2000,0.05,0.0,14,SybilRank,43,0.06298900000000002,0.12052631578947369,0.12092534174553102,0.12105263157894737,0.12098895318253551,120,
711,PL,2000,0.05,0.0,14,SybilBelief,43,0.546323,0.5,inf,0.0,0.0,106,
712,PL,2000,0.05,0.0,14,SybilSCAR,43,0.496212,0.4478947368421053,0.4159592529711375,0.2578947368421053,0.3183885640025991,54,
713,PL,2000,0.05,0.0,14,SybilGCN_L2_noDropout,43,0.771329,0.501578947368421,0.7142857142857143,0.005263157894736842,0.01044932079414838,10878,
714,PL,2000,0.05,0.0,14,SybilGCN_L4_noDropout,43,0.805537,0.6036842105263158,0.8408304498269896,0.2557894736842105,0.3922518159806295,18793,
715,PL,2000,0.05,0.0,14,SybilGCN_L8_noDropout,43,0.2795335000000001,0.5,inf,0.0,0.0,3339,
716,PL,2000,0.05,0.0,14,SybilRGCN_L2_noDropout,43,0.8364625,0.5026315789473684,1.0,0.005263157894736842,0.010471204188481676,11323,
717,PL,2000,0.05,0.0,14,SybilGAT_L2,43,0.768154,0.5,inf,0.0,0.0,3117,
718,PL,2000,0.05,0.0,14,SybilGAT_L4,43,0.7986690000000001,0.6642105263157895,0.7727272727272727,0.4652631578947368,0.580814717477004,1385,
719,PL,2000,0.05,0.0,14,SybilGAT_L8,43,0.6343405,0.5294736842105263,0.6573033707865169,0.1231578947368421,0.2074468085106383,1173,
720,PL,2000,0.05,0.0,14,SybilRank,44,0.061837,0.13052631578947368,0.13052631578947368,0.13052631578947368,0.13052631578947368,117,
721,PL,2000,0.05,0.0,14,SybilBelief,44,0.5384805,0.5,inf,0.0,0.0,86,
722,PL,2000,0.05,0.0,14,SybilSCAR,44,0.5412899999999999,0.48526315789473684,0.4473684210526316,0.12526315789473685,0.19572368421052633,53,
723,PL,2000,0.05,0.0,14,SybilGCN_L2_noDropout,44,0.7926139999999999,0.5010526315789474,1.0,0.002105263157894737,0.004201680672268907,10462,
724,PL,2000,0.05,0.0,14,SybilGCN_L4_noDropout,44,0.8282525000000001,0.5668421052631579,0.9440559440559441,0.14210526315789473,0.24702653247941445,18473,
725,PL,2000,0.05,0.0,14,SybilGCN_L8_noDropout,44,0.35364700000000004,0.5,inf,0.0,0.0,262,
726,PL,2000,0.05,0.0,14,SybilRGCN_L2_noDropout,44,0.820007,0.5,inf,0.0,0.0,11364,
727,PL,2000,0.05,0.0,14,SybilGAT_L2,44,0.7367570000000001,0.5042105263157894,0.7857142857142857,0.011578947368421053,0.022821576763485476,3248,
728,PL,2000,0.05,0.0,14,SybilGAT_L4,44,0.784064,0.6915789473684211,0.7106481481481481,0.6463157894736842,0.6769570011025359,2145,
729,PL,2000,0.05,0.0,14,SybilGAT_L8,44,0.17654200000000003,0.5,inf,0.0,0.0,2950,
730,PL,2000,0.05,0.0,14,SybilRank,45,0.072996,0.13789473684210526,0.13941299790356393,0.14,0.13970588235294118,118,
731,PL,2000,0.05,0.0,14,SybilBelief,45,0.495941,0.5,0.5,1.0,0.6666666666666666,71,
732,PL,2000,0.05,0.0,14,SybilSCAR,45,0.530624,0.49526315789473685,0.4976051091005854,0.9842105263157894,0.6610109579356663,53,
733,PL,2000,0.05,0.0,14,SybilGCN_L2_noDropout,45,0.7638075000000001,0.5068421052631579,0.782608695652174,0.018947368421052633,0.03699897225077081,11298,
734,PL,2000,0.05,0.0,14,SybilGCN_L4_noDropout,45,0.795193,0.6163157894736843,0.8060941828254847,0.3063157894736842,0.4439359267734554,18994,
735,PL,2000,0.05,0.0,14,SybilGCN_L8_noDropout,45,0.556821,0.5121052631578947,0.5257270693512305,0.24736842105263157,0.3364352183249821,4080,
736,PL,2000,0.05,0.0,14,SybilRGCN_L2_noDropout,45,0.789636,0.5157894736842106,0.9166666666666666,0.034736842105263156,0.06693711967545639,11744,
737,PL,2000,0.05,0.0,14,SybilGAT_L2,45,0.742826,0.55,0.7513227513227513,0.14947368421052631,0.24934152765583845,2591,
738,PL,2000,0.05,0.0,14,SybilGAT_L4,45,0.807445,0.6289473684210526,0.8181818181818182,0.33157894736842103,0.47191011235955055,3054,
739,PL,2000,0.05,0.0,14,SybilGAT_L8,45,0.19153950000000003,0.5,inf,0.0,0.0,1527,
740,PL,2000,0.05,0.0,14,SybilRank,46,0.06464500000000001,0.12421052631578948,0.12578616352201258,0.12631578947368421,0.12605042016806722,117,
741,PL,2000,0.05,0.0,14,SybilBelief,46,0.5207805,0.5,inf,0.0,0.0,107,
742,PL,2000,0.05,0.0,14,SybilSCAR,46,0.532547,0.4631578947368421,0.43566176470588236,0.24947368421052632,0.3172690763052209,54,
743,PL,2000,0.05,0.0,14,SybilGCN_L2_noDropout,46,0.751215,0.5052631578947369,0.9166666666666666,0.011578947368421053,0.02286902286902287,11000,
744,PL,2000,0.05,0.0,14,SybilGCN_L4_noDropout,46,0.7757510000000001,0.631578947368421,0.817258883248731,0.3389473684210526,0.4791666666666667,18918,
745,PL,2000,0.05,0.0,14,SybilGCN_L8_noDropout,46,0.232782,0.5,inf,0.0,0.0,259,
746,PL,2000,0.05,0.0,14,SybilRGCN_L2_noDropout,46,0.762311,0.5257894736842105,0.855072463768116,0.06210526315789474,0.11579980372914622,11711,
747,PL,2000,0.05,0.0,14,SybilGAT_L2,46,0.7246570000000001,0.5047368421052632,0.9090909090909091,0.010526315789473684,0.02081165452653486,2047,
748,PL,2000,0.05,0.0,14,SybilGAT_L4,46,0.7448334999999999,0.6442105263157895,0.672544080604534,0.5621052631578948,0.6123853211009175,1796,
749,PL,2000,0.05,0.0,14,SybilGAT_L8,46,0.28025849999999997,0.5,inf,0.0,0.0,3885,
750,PL,2000,0.05,0.0,16,SybilRank,42,0.03745200000000001,0.09,0.0904311251314406,0.09052631578947369,0.09047869542346133,125,
751,PL,2000,0.05,0.0,16,SybilBelief,42,0.479804,0.5,0.5,1.0,0.6666666666666666,125,
752,PL,2000,0.05,0.0,16,SybilSCAR,42,0.501427,0.44263157894736843,0.4110929853181077,0.26526315789473687,0.32245681381957775,56,
753,PL,2000,0.05,0.0,16,SybilGCN_L2_noDropout,42,0.783929,0.4994736842105263,0.0,0.0,0.0,11573,
754,PL,2000,0.05,0.0,16,SybilGCN_L4_noDropout,42,0.8553090000000001,0.5857894736842105,0.8899521531100478,0.1957894736842105,0.32096635030198445,19685,
755,PL,2000,0.05,0.0,16,SybilGCN_L8_noDropout,42,0.910053,0.8336842105263158,0.8972431077694235,0.7536842105263157,0.8192219679633868,36228,
756,PL,2000,0.05,0.0,16,SybilRGCN_L2_noDropout,42,0.8071440000000001,0.5052631578947369,1.0,0.010526315789473684,0.020833333333333332,11792,
757,PL,2000,0.05,0.0,16,SybilGAT_L2,42,0.774018,0.5,inf,0.0,0.0,1035,
758,PL,2000,0.05,0.0,16,SybilGAT_L4,42,0.8437039999999999,0.75,0.7624309392265194,0.7263157894736842,0.7439353099730458,3701,
759,PL,2000,0.05,0.0,16,SybilGAT_L8,42,0.8872964999999999,0.7942105263157895,0.8404384896467723,0.7263157894736842,0.7792207792207793,2383,
760,PL,2000,0.05,0.0,16,SybilRank,43,0.03547800000000001,0.08210526315789474,0.08210526315789474,0.08210526315789474,0.08210526315789474,127,
761,PL,2000,0.05,0.0,16,SybilBelief,43,0.5031289999999999,0.5,inf,0.0,0.0,125,
762,PL,2000,0.05,0.0,16,SybilSCAR,43,0.47100699999999995,0.42210526315789476,0.3701754385964912,0.22210526315789475,0.2776315789473684,57,
763,PL,2000,0.05,0.0,16,SybilGCN_L2_noDropout,43,0.81676,0.5042105263157894,1.0,0.008421052631578947,0.016701461377870562,11097,
764,PL,2000,0.05,0.0,16,SybilGCN_L4_noDropout,43,0.882993,0.6894736842105263,0.910958904109589,0.42,0.5749279538904899,19410,
765,PL,2000,0.05,0.0,16,SybilGCN_L8_noDropout,43,0.17427399999999996,0.5,inf,0.0,0.0,2991,
766,PL,2000,0.05,0.0,16,SybilRGCN_L2_noDropout,43,0.876166,0.5168421052631579,1.0,0.03368421052631579,0.06517311608961303,11740,
767,PL,2000,0.05,0.0,16,SybilGAT_L2,43,0.7699364999999999,0.5094736842105263,0.8461538461538461,0.023157894736842106,0.045081967213114756,2544,
768,PL,2000,0.05,0.0,16,SybilGAT_L4,43,0.897387,0.7436842105263158,0.8813838550247117,0.5631578947368421,0.6872190109184328,3577,
769,PL,2000,0.05,0.0,16,SybilGAT_L8,43,0.9224029999999999,0.8242105263157895,0.8938618925831202,0.7357894736842105,0.8071593533487298,2935,
770,PL,2000,0.05,0.0,16,SybilRank,44,0.036049000000000005,0.09368421052631579,0.09368421052631579,0.09368421052631579,0.09368421052631579,127,
771,PL,2000,0.05,0.0,16,SybilBelief,44,0.5372785,0.5,inf,0.0,0.0,90,
772,PL,2000,0.05,0.0,16,SybilSCAR,44,0.506844,0.47526315789473683,0.4048582995951417,0.10526315789473684,0.1670843776106934,59,
773,PL,2000,0.05,0.0,16,SybilGCN_L2_noDropout,44,0.8354579999999999,0.5021052631578947,1.0,0.004210526315789474,0.008385744234800839,11025,
774,PL,2000,0.05,0.0,16,SybilGCN_L4_noDropout,44,0.8952910000000001,0.6442105263157895,0.9419354838709677,0.30736842105263157,0.4634920634920635,19470,
775,PL,2000,0.05,0.0,16,SybilGCN_L8_noDropout,44,0.37908500000000006,0.5,inf,0.0,0.0,468,
776,PL,2000,0.05,0.0,16,SybilRGCN_L2_noDropout,44,0.8723050000000001,0.5,inf,0.0,0.0,10989,
777,PL,2000,0.05,0.0,16,SybilGAT_L2,44,0.80644,0.5,inf,0.0,0.0,2237,
778,PL,2000,0.05,0.0,16,SybilGAT_L4,44,0.863418,0.6626315789473685,0.9376770538243626,0.34842105263157896,0.5080583269378358,4146,
779,PL,2000,0.05,0.0,16,SybilGAT_L8,44,0.9252704999999999,0.7036842105263158,0.9618138424821002,0.4242105263157895,0.5887509130752374,2762,
780,PL,2000,0.05,0.0,16,SybilRank,45,0.03934900000000001,0.09,0.0904311251314406,0.09052631578947369,0.09047869542346133,126,
781,PL,2000,0.05,0.0,16,SybilBelief,45,0.497355,0.5,0.5,1.0,0.6666666666666666,76,
782,PL,2000,0.05,0.0,16,SybilSCAR,45,0.495456,0.49315789473684213,0.49654071314529,0.9821052631578947,0.6595970307529162,58,
783,PL,2000,0.05,0.0,16,SybilGCN_L2_noDropout,45,0.8060069999999999,0.521578947368421,0.8867924528301887,0.049473684210526316,0.09371884346959122,11229,
784,PL,2000,0.05,0.0,16,SybilGCN_L4_noDropout,45,0.8733060000000001,0.6157894736842106,0.8846153846153846,0.26631578947368423,0.40938511326860844,19424,
785,PL,2000,0.05,0.0,16,SybilGCN_L8_noDropout,45,0.5929155,0.5226315789473684,0.5589041095890411,0.21473684210526317,0.3102661596958175,4411,
786,PL,2000,0.05,0.0,16,SybilRGCN_L2_noDropout,45,0.833097,0.5078947368421053,1.0,0.015789473684210527,0.031088082901554404,11658,
787,PL,2000,0.05,0.0,16,SybilGAT_L2,45,0.712953,0.5,inf,0.0,0.0,3217,
788,PL,2000,0.05,0.0,16,SybilGAT_L4,45,0.869694,0.6905263157894737,0.9076576576576577,0.4242105263157895,0.5781922525107605,2410,
789,PL,2000,0.05,0.0,16,SybilGAT_L8,45,0.9225284999999999,0.8468421052631578,0.8311557788944723,0.8705263157894737,0.8503856041131106,2790,
790,PL,2000,0.05,0.0,16,SybilRank,46,0.03973700000000001,0.09105263157894737,0.0914826498422713,0.09157894736842105,0.09153077327722252,125,
791,PL,2000,0.05,0.0,16,SybilBelief,46,0.5226065,0.5,inf,0.0,0.0,141,
792,PL,2000,0.05,0.0,16,SybilSCAR,46,0.5064120000000001,0.45210526315789473,0.42923794712286156,0.2905263157894737,0.3465160075329567,57,
793,PL,2000,0.05,0.0,16,SybilGCN_L2_noDropout,46,0.79973,0.5063157894736842,0.8333333333333334,0.015789473684210527,0.030991735537190084,11360,
794,PL,2000,0.05,0.0,16,SybilGCN_L4_noDropout,46,0.8630979999999999,0.7278947368421053,0.8739205526770294,0.5326315789473685,0.6618705035971223,19901,
795,PL,2000,0.05,0.0,16,SybilGCN_L8_noDropout,46,0.11463799999999999,0.5,inf,0.0,0.0,278,
796,PL,2000,0.05,0.0,16,SybilRGCN_L2_noDropout,46,0.8127234999999999,0.5515789473684211,0.8828125,0.11894736842105263,0.20964749536178107,12133,
797,PL,2000,0.05,0.0,16,SybilGAT_L2,46,0.7665145000000001,0.5126315789473684,0.9285714285714286,0.02736842105263158,0.053169734151329244,2169,
798,PL,2000,0.05,0.0,16,SybilGAT_L4,46,0.8521050000000001,0.6557894736842105,0.9111111111111111,0.3452631578947368,0.500763358778626,2254,
799,PL,2000,0.05,0.0,16,SybilGAT_L8,46,0.5679990000000001,0.5210526315789473,0.5111111111111111,0.968421052631579,0.6690909090909091,2335,
