,data_model_column,graph_size_column,train_nodes_fraction_column,label_noise_fraction_column,attack_edges_per_sybil,algorithm,AUC_mean,AUC_std,accuracy_mean,accuracy_std,precision_mean,precision_std,recall_mean,recall_std,F1_mean,F1_std,runtime_mean,runtime_std,pretrain_runtime_mean,pretrain_runtime_std
0,PL,2000,0.005,0.0,2,SybilRank,0.9997026,0.0001654673381667505,0.9919597989949749,0.0012712674010727139,0.9919597989949749,0.0012712674010727139,0.9919597989949749,0.0012712674010727139,0.9919597989949749,0.0012712674010727139,74.0,1.4142135623730951,,
1,PL,2000,0.005,0.0,2,SybilBelief,0.9999804000000001,1.197664393727198e-05,0.9976884422110552,0.0012143764797582365,0.9973939690371244,0.0023308343410245384,0.9979899497487438,0.0006356337005363394,0.9976904057560816,0.0012101754311184157,142.4,15.52546295606028,,
2,PL,2000,0.005,0.0,2,SybilSCAR,0.9275606,0.01905533634024863,0.7066331658291457,0.10043786865753457,0.7955255433340562,0.1683920571383217,0.7165829145728642,0.23184777347627783,0.7020652164263199,0.07916595786612039,29.0,0.8944271909999159,,
3,PL,2000,0.005,0.0,2,SybilGCN_L2_noDropout,0.7743984000000002,0.024974440649191694,0.5,0.0,inf,,0.0,0.0,0.0,0.0,7317.4,598.4154409772528,,
4,PL,2000,0.005,0.0,2,SybilGCN_L4_noDropout,0.9261816999999999,0.019310841787969775,0.5031155778894473,0.004750272280641792,inf,,0.006231155778894473,0.009500544561283597,0.012210340025614495,0.018513416731159492,12620.6,917.4289291274829,,
5,PL,2000,0.005,0.0,2,SybilGCN_L8_noDropout,0.9561111999999999,0.07070730318545601,0.5736683417085426,0.05941781301191258,1.0,0.0,0.14733668341708542,0.11883562602382516,0.23856263998912525,0.17691442027023038,19310.2,9719.037203344784,,
6,PL,2000,0.005,0.0,2,SybilRGCN_L2_noDropout,0.7771025,0.025505826444167625,0.5,0.0,inf,,0.0,0.0,0.0,0.0,6812.0,519.4955245235516,,
7,PL,2000,0.005,0.0,2,SybilGAT_L2,0.7713319000000001,0.023597515452691183,0.5001005025125628,0.00020100502512563346,inf,,0.0006030150753768845,0.0008040201005025126,0.0012028068172453231,0.001603407605623087,4409.6,1096.993819490338,,
8,PL,2000,0.005,0.0,2,SybilGAT_L4,0.8982356000000001,0.029102926635305944,0.5029145728643216,0.004112014582005763,1.0,0.0,0.005829145728643216,0.00822402916401157,0.011459321567008953,0.01607147644432377,2440.6,734.8146977299788,,
9,PL,2000,0.005,0.0,2,SybilGAT_L8,0.9958544,0.002513892726430438,0.5387939698492462,0.0327712172182035,1.0,0.0,0.07758793969849245,0.065542434436407,0.1372152579096085,0.11166314282794104,2902.4,1713.2151762110911,,
10,PL,2000,0.005,0.0,4,SybilRank,0.8992925999999999,0.016223558766189382,0.8190954773869347,0.014382748799998634,0.8187150395911352,0.014440518570293999,0.8196984924623116,0.014264277386299663,0.8192062723254828,0.014347134002402858,83.2,2.227105745132009,,
11,PL,2000,0.005,0.0,4,SybilBelief,0.7890942,0.2334031091081693,0.761105527638191,0.2132606954862684,inf,,0.7585929648241205,0.38174151288804575,0.6940640218316548,0.3622860842307509,153.0,29.06544339933592,,
12,PL,2000,0.005,0.0,4,SybilSCAR,0.7217893999999999,0.0326629293885285,0.5664321608040201,0.03007763327849726,0.6300355244208694,0.08461644548742696,0.5481407035175879,0.3342324951649998,0.508572514352639,0.14364079765615004,50.2,32.920510324112534,,
13,PL,2000,0.005,0.0,4,SybilGCN_L2_noDropout,0.6665475000000001,0.020252218873496326,0.5,0.0,inf,,0.0,0.0,0.0,0.0,8741.2,523.1104663453026,,
14,PL,2000,0.005,0.0,4,SybilGCN_L4_noDropout,0.7541842000000001,0.02997184788030258,0.5007035175879396,0.0005124642727229065,inf,,0.001407035175879397,0.0010249285454457858,0.0028080248826898558,0.002043537826351782,14479.0,209.28545099934684,,
15,PL,2000,0.005,0.0,4,SybilGCN_L8_noDropout,0.6981764,0.2136170605486369,0.5131658291457286,0.015282992486649532,inf,,0.027738693467336685,0.031478952835255695,0.052093683148727886,0.05752595313128774,17262.6,11742.296702093676,,
16,PL,2000,0.005,0.0,4,SybilRGCN_L2_noDropout,0.6653498,0.02351346339993325,0.5,0.0,inf,,0.0,0.0,0.0,0.0,7651.4,786.9395402443571,,
17,PL,2000,0.005,0.0,4,SybilGAT_L2,0.6579952,0.021424550337404986,0.5008040201005025,0.0016080402010050232,inf,,0.0026130653266331657,0.0052261306532663315,0.005133267522211254,0.010266535044422508,4463.4,1517.2635367661082,,
18,PL,2000,0.005,0.0,4,SybilGAT_L4,0.7364338,0.028109145758275913,0.5013065326633166,0.001294884294143225,inf,,0.0026130653266331657,0.002589768588286457,0.005199220796883187,0.005144856219170816,2396.4,104.30071907709937,,
19,PL,2000,0.005,0.0,4,SybilGAT_L8,0.8662943000000002,0.03964044650934195,0.5272361809045226,0.02705254341180977,0.9821989528795811,0.03560209424083771,0.05788944723618091,0.06066423568441677,0.10276112729574591,0.10008299895589082,1333.6,426.4277664505443,,
20,PL,2000,0.005,0.0,6,SybilRank,0.6672170000000002,0.02180785105415023,0.6204020100502513,0.01932054613466824,0.6201832404845057,0.01927379038406961,0.6213065326633165,0.019357107445231746,0.6207443536072971,0.019315015935227227,89.2,1.3266499161421599,,
21,PL,2000,0.005,0.0,6,SybilBelief,0.5011275000000001,0.0035592974025782224,0.5,0.0,inf,,0.6,0.48989794855663565,0.4,0.3265986323710904,99.6,13.792751719653335,,
22,PL,2000,0.005,0.0,6,SybilSCAR,0.6240763999999999,0.02423230611889836,0.5360804020100502,0.02373732332580427,0.5653888668962275,0.043874327521798644,0.5487437185929649,0.35415351402631096,0.47923388504316344,0.18791802716525705,52.4,28.806943607401323,,
23,PL,2000,0.005,0.0,6,SybilGCN_L2_noDropout,0.6132592,0.01516653513034541,0.5,0.0,inf,,0.0,0.0,0.0,0.0,9295.0,252.75442627182616,,
24,PL,2000,0.005,0.0,6,SybilGCN_L4_noDropout,0.6488210999999999,0.025008695664508376,0.5003015075376884,0.0006030150753769004,inf,,0.0006030150753768844,0.0012060301507537687,0.0012024048096192384,0.002404809619238477,16053.2,411.09677692728263,,
25,PL,2000,0.005,0.0,6,SybilGCN_L8_noDropout,0.570073,0.09072255957974289,0.5095477386934674,0.01268085249896483,inf,,0.030552763819095476,0.045909301322064396,0.05368826536340673,0.07753486274185135,17204.4,13600.982708613376,,
26,PL,2000,0.005,0.0,6,SybilRGCN_L2_noDropout,0.618388,0.012859935353647808,0.5,0.0,inf,,0.0,0.0,0.0,0.0,8269.8,1082.8937898058148,,
27,PL,2000,0.005,0.0,6,SybilGAT_L2,0.6059173999999999,0.011268528290775166,0.5,0.0,inf,,0.0,0.0,0.0,0.0,3890.8,1276.0420682720455,,
28,PL,2000,0.005,0.0,6,SybilGAT_L4,0.6308907,0.02902427376283513,0.5007035175879396,0.0006030150753769004,inf,,0.001407035175879397,0.0012060301507537687,0.0028072192529492285,0.0024056143062947404,3414.0,507.9570848014623,,
29,PL,2000,0.005,0.0,6,SybilGAT_L8,0.6840004,0.038735953324269684,0.5201005025125628,0.015890842513408922,0.9022600619195046,0.06436532094082818,0.044422110552763815,0.03623335115561716,0.08221719844466505,0.06459662442434173,1553.4,491.258628422952,,
30,PL,2000,0.005,0.0,8,SybilRank,0.5502468,0.018095317730285915,0.5358793969849246,0.01362763669929712,0.535803608037818,0.013598242402483036,0.5368844221105528,0.013771411564189456,0.5363434180581205,0.013683912754230882,98.2,2.7856776554368237,,
31,PL,2000,0.005,0.0,8,SybilBelief,0.5000065,0.002214170950943075,0.5,0.0,inf,,0.6,0.48989794855663565,0.4,0.3265986323710904,93.2,11.822013364905319,,
32,PL,2000,0.005,0.0,8,SybilSCAR,0.5707684000000001,0.024825426559074455,0.5208040201005025,0.016132453444533706,0.5323670033390618,0.02396107408744048,0.5656281407035176,0.33668875717658125,0.4842858605694311,0.186443747283097,72.0,37.56594202199647,,
33,PL,2000,0.005,0.0,8,SybilGCN_L2_noDropout,0.5816765,0.016056452855472154,0.5,0.0,inf,,0.0,0.0,0.0,0.0,9998.6,1124.526851613602,,
34,PL,2000,0.005,0.0,8,SybilGCN_L4_noDropout,0.5884543,0.023977288202797212,0.5001005025125628,0.00020100502512563346,inf,,0.00020100502512562817,0.00040201005025125634,0.0004016064257028112,0.0008032128514056224,16873.4,465.9092615520752,,
35,PL,2000,0.005,0.0,8,SybilGCN_L8_noDropout,0.5271223999999999,0.043372700827133175,0.5041206030150753,0.0061166327858102176,inf,,0.013467336683417087,0.020395820533010364,0.025377108560509988,0.03792322848428278,13823.2,13665.78100805073,,
36,PL,2000,0.005,0.0,8,SybilRGCN_L2_noDropout,0.5847874,0.016217839068137306,0.5,0.0,inf,,0.0,0.0,0.0,0.0,8858.2,1333.5221632953837,,
37,PL,2000,0.005,0.0,8,SybilGAT_L2,0.5779167,0.016834808506781387,0.5,0.0,inf,,0.0,0.0,0.0,0.0,3414.6,1245.1150308304852,,
38,PL,2000,0.005,0.0,8,SybilGAT_L4,0.5825360999999999,0.028320259109690347,0.5003015075376884,0.0006030150753769004,inf,,0.0006030150753768844,0.0012060301507537687,0.0012024048096192384,0.002404809619238477,3028.0,404.2331010691727,,
39,PL,2000,0.005,0.0,8,SybilGAT_L8,0.5714287,0.04322639452649273,0.5064321608040201,0.007236180904522599,0.8421350078492935,0.13371192124759115,0.015678391959798997,0.015143564383386822,0.030338301697812115,0.028691373304381058,1963.6,717.4461931044028,,
40,PL,2000,0.005,0.0,10,SybilRank,0.4915196,0.04455548148814017,0.49175879396984923,0.03553385686159065,0.4917813560923251,0.03544329601896072,0.4930653266331658,0.03551935678537559,0.4924224746451939,0.03548107767206677,106.6,3.0066592756745814,,
41,PL,2000,0.005,0.0,10,SybilBelief,0.4994835,0.002103517767930673,0.5,0.0,inf,,0.8,0.4,0.5333333333333333,0.26666666666666666,93.4,14.178857499812882,,
42,PL,2000,0.005,0.0,10,SybilSCAR,0.5468648,0.020617158964318993,0.5100502512562815,0.012744416067656176,0.5022564714011365,0.01701113896767367,0.6566834170854272,0.32792822505058733,0.5142207618674612,0.21377940628384912,64.6,35.22839763599815,,
43,PL,2000,0.005,0.0,10,SybilGCN_L2_noDropout,0.5665913,0.01164212779349205,0.5,0.0,inf,,0.0,0.0,0.0,0.0,10755.8,793.6229331363857,,
44,PL,2000,0.005,0.0,10,SybilGCN_L4_noDropout,0.5651462,0.016959661357468226,0.5001005025125628,0.00020100502512563346,inf,,0.00020100502512562817,0.00040201005025125634,0.0004016064257028112,0.0008032128514056224,17806.8,197.80940321430626,,
45,PL,2000,0.005,0.0,10,SybilGCN_L8_noDropout,0.5039923999999999,0.030874835415593743,0.5022110552763819,0.0044221105527638025,inf,,0.01507537688442211,0.02297092603362678,0.027863273646378216,0.04192167321887563,7993.0,11556.577209537432,,
46,PL,2000,0.005,0.0,10,SybilRGCN_L2_noDropout,0.5764634999999999,0.00882955590049695,0.5,0.0,inf,,0.0,0.0,0.0,0.0,8790.0,613.1675138165753,,
47,PL,2000,0.005,0.0,10,SybilGAT_L2,0.5659229,0.019798701991292265,0.5,0.0,inf,,0.0,0.0,0.0,0.0,3501.0,1537.169476668074,,
48,PL,2000,0.005,0.0,10,SybilGAT_L4,0.5503433999999999,0.01784437080538285,0.5001005025125628,0.00020100502512563346,inf,,0.00020100502512562817,0.00040201005025125634,0.0004016064257028112,0.0008032128514056224,3255.0,520.7367857180823,,
49,PL,2000,0.005,0.0,10,SybilGAT_L8,0.5438856,0.024622168875629128,0.5053266331658292,0.005061177210859963,0.9550802139037433,0.057081647726172816,0.011859296482412062,0.011501282010789923,0.02312990781774899,0.02221674407031181,1663.4,459.30843667409374,,
50,PL,2000,0.005,0.0,12,SybilRank,0.3901992,0.10457371664314129,0.41306532663316575,0.07837391881052291,0.413366686579377,0.07810233217243522,0.4144723618090452,0.07800600777542308,0.4139186786553902,0.07805421926126832,114.0,2.0,,
51,PL,2000,0.005,0.0,12,SybilBelief,0.49525769999999997,0.005669011832762385,0.5,0.0,inf,,0.8,0.4,0.5333333333333333,0.26666666666666666,86.8,7.413501197140255,,
52,PL,2000,0.005,0.0,12,SybilSCAR,0.5380188,0.01417738384046927,0.5037185929648242,0.011319813528889508,0.48723058414392273,0.03435661590914619,0.6723618090452261,0.33663331210460246,0.5132148424245596,0.22354424520961996,65.6,31.727590516772622,,
53,PL,2000,0.005,0.0,12,SybilGCN_L2_noDropout,0.5693891000000001,0.012189499589400701,0.5,0.0,inf,,0.0,0.0,0.0,0.0,10593.8,573.1496837650702,,
54,PL,2000,0.005,0.0,12,SybilGCN_L4_noDropout,0.5711459,0.01471145855583328,0.5,0.0,inf,,0.0,0.0,0.0,0.0,18257.4,528.7232168157551,,
55,PL,2000,0.005,0.0,12,SybilGCN_L8_noDropout,0.5022762000000001,0.028366912124163292,0.5024120603015075,0.003216080402010046,inf,,0.02371859296482412,0.029077028719446844,0.04287011807447775,0.05255521085531264,3675.4,3169.3612353280273,,
56,PL,2000,0.005,0.0,12,SybilRGCN_L2_noDropout,0.5802839000000001,0.013367643555989957,0.5,0.0,inf,,0.0,0.0,0.0,0.0,9410.2,433.3097737185258,,
57,PL,2000,0.005,0.0,12,SybilGAT_L2,0.5579045,0.013043835605373139,0.5,0.0,inf,,0.0,0.0,0.0,0.0,3221.2,716.2992112239131,,
58,PL,2000,0.005,0.0,12,SybilGAT_L4,0.5603835,0.010546000104304988,0.5,0.0,inf,,0.0,0.0,0.0,0.0,2922.0,366.47128127590025,,
59,PL,2000,0.005,0.0,12,SybilGAT_L8,0.5258248000000001,0.021104875577932215,0.5024120603015075,0.005453129634673576,inf,,0.009045226130653266,0.009211207427046914,0.01767658235854371,0.017958750375376652,1952.6,419.6668202276658,,
60,PL,2000,0.005,0.0,14,SybilRank,0.2056292,0.10318569224345009,0.26391959798994974,0.09190975379883541,0.26460129615025163,0.09159434422953348,0.26532663316582916,0.09180452057623506,0.26496343563725466,0.09169928051071476,121.2,3.1874754901018454,,
61,PL,2000,0.005,0.0,14,SybilBelief,0.49539099999999997,0.007377334396650371,0.5,0.0,inf,,0.8,0.4,0.5333333333333333,0.26666666666666666,95.2,18.508376482014842,,
62,PL,2000,0.005,0.0,14,SybilSCAR,0.533675,0.012088024073437313,0.5038190954773869,0.01297455908129273,0.4789936639619289,0.05430064962152672,0.6508542713567839,0.3301127992685273,0.5063979205633881,0.22268459352499761,98.6,56.62366996230463,,
63,PL,2000,0.005,0.0,14,SybilGCN_L2_noDropout,0.5778814999999999,0.01298426929788504,0.5,0.0,inf,,0.0,0.0,0.0,0.0,11072.2,448.6858143512006,,
64,PL,2000,0.005,0.0,14,SybilGCN_L4_noDropout,0.596894,0.020564129478293034,0.5,0.0,inf,,0.0,0.0,0.0,0.0,18867.8,770.9984176378055,,
65,PL,2000,0.005,0.0,14,SybilGCN_L8_noDropout,0.5086668000000001,0.055154989666937645,0.5010050251256282,0.002542534802145454,inf,,0.021105527638190954,0.03559548723003603,0.03670804982727939,0.06068689905540434,8524.2,12589.85312702257,,
66,PL,2000,0.005,0.0,14,SybilRGCN_L2_noDropout,0.5975015,0.017413542115261894,0.5,0.0,inf,,0.0,0.0,0.0,0.0,9535.2,464.9083350511152,,
67,PL,2000,0.005,0.0,14,SybilGAT_L2,0.5678021,0.02122273492130547,0.5,0.0,inf,,0.0,0.0,0.0,0.0,3189.8,1055.9671207002611,,
68,PL,2000,0.005,0.0,14,SybilGAT_L4,0.5888441,0.013920310130884324,0.5,0.0,inf,,0.0,0.0,0.0,0.0,3274.6,740.6496067642242,,
69,PL,2000,0.005,0.0,14,SybilGAT_L8,0.5838177,0.026645755850791708,0.5019095477386936,0.0023224562830736098,0.9005405405405404,0.1989189189189189,0.02231155778894472,0.03585222004675234,0.03869057475657652,0.060104980057933306,1581.8,180.59944628929514,,
70,PL,2000,0.005,0.0,16,SybilRank,0.07010140000000002,0.02871224768352349,0.12954773869346733,0.033250083326378,0.1301719199450794,0.03365543317024542,0.13045226130653267,0.033912115310895496,0.13031182466736407,0.03378346923226446,128.2,3.6551333764994123,,
71,PL,2000,0.005,0.0,16,SybilBelief,0.49449069999999995,0.03429388483622118,0.5,0.0,inf,,0.8,0.4,0.5333333333333333,0.26666666666666666,98.0,17.123083834403193,,
72,PL,2000,0.005,0.0,16,SybilSCAR,0.5366742,0.010676529537260667,0.4998994974874372,0.01610989757192091,0.4681581464016851,0.07083200197421187,0.6717587939698493,0.32310118210778416,0.5135994777991177,0.22461399263856854,75.4,35.40960321720649,,
73,PL,2000,0.005,0.0,16,SybilGCN_L2_noDropout,0.6003773000000001,0.016782727622767373,0.5,0.0,inf,,0.0,0.0,0.0,0.0,11604.6,847.1473543605032,,
74,PL,2000,0.005,0.0,16,SybilGCN_L4_noDropout,0.651098,0.03030689753175009,0.5,0.0,inf,,0.0,0.0,0.0,0.0,20058.2,779.7269778582757,,
75,PL,2000,0.005,0.0,16,SybilGCN_L8_noDropout,0.5161518,0.11147386317231497,0.5003015075376884,0.0008761605916664902,inf,,0.011256281407035176,0.013786072924206833,0.02134361801417049,0.02614061030778176,4170.0,4160.284172986264,,
76,PL,2000,0.005,0.0,16,SybilRGCN_L2_noDropout,0.6225075999999999,0.02592584132945355,0.5,0.0,inf,,0.0,0.0,0.0,0.0,9767.0,704.1312377675059,,
77,PL,2000,0.005,0.0,16,SybilGAT_L2,0.5957944,0.023928612244340456,0.5,0.0,inf,,0.0,0.0,0.0,0.0,5251.0,1779.6451331655983,,
78,PL,2000,0.005,0.0,16,SybilGAT_L4,0.6277777999999999,0.029790559957140795,0.5,0.0,inf,,0.0,0.0,0.0,0.0,3641.0,609.0812753647907,,
79,PL,2000,0.005,0.0,16,SybilGAT_L8,0.49595130000000004,0.20264293491671503,0.5007035175879396,0.0011720506321296958,inf,,0.0016080402010050254,0.002344101264259417,0.0031992056040152234,0.004660515882478895,1838.0,525.7006752896557,,
80,PL,2000,0.01,0.0,2,SybilRank,0.9998541999999999,9.864562838770629e-05,0.994949494949495,0.0012776879435023839,0.994949494949495,0.0012776879435023839,0.994949494949495,0.0012776879435023839,0.994949494949495,0.0012776879435023839,74.6,1.624807680927192,,
81,PL,2000,0.01,0.0,2,SybilBelief,0.9999812,1.0759182125089246e-05,0.9975757575757574,0.0005889850398833827,0.998180385005111,0.0007549089512026838,0.9969696969696968,0.001106510217182161,0.9975741228191719,0.0005897050804745579,145.6,15.512575543732254,,
82,PL,2000,0.01,0.0,2,SybilSCAR,0.9339639999999999,0.007970443475742117,0.7433333333333334,0.11981748184730373,0.9237022376437624,0.02920447539364096,0.5298989898989899,0.26705175745361687,0.6315303483707608,0.23144443505885426,29.8,1.1661903789690602,,
83,PL,2000,0.01,0.0,2,SybilGCN_L2_noDropout,0.7965296000000001,0.019438709847621076,0.5002020202020202,0.00040404040404040664,inf,,0.00040404040404040404,0.0008080808080808081,0.0008064516129032258,0.0016129032258064518,7921.2,97.10489174083868,,
84,PL,2000,0.01,0.0,2,SybilGCN_L4_noDropout,0.9512152,0.011610938969781954,0.5095959595959595,0.005199813202518698,1.0,0.0,0.019191919191919194,0.010399626405037372,0.037458723180128065,0.01982927077535666,13575.0,424.34561385738397,,
85,PL,2000,0.01,0.0,2,SybilGCN_L8_noDropout,0.9869033,0.02019222487889833,0.7023232323232322,0.1210489642657939,0.9996688741721854,0.0006622516556291202,0.4048484848484849,0.24226796309510426,0.5288625715236005,0.2766427864931799,19542.4,9551.446478937105,,
86,PL,2000,0.01,0.0,2,SybilRGCN_L2_noDropout,0.7967984,0.01900473835757807,0.50010101010101,0.0002020202020201811,inf,,0.00020202020202020202,0.00040404040404040404,0.0004036326942482341,0.0008072653884964682,7482.8,676.6169965349673,,
87,PL,2000,0.01,0.0,2,SybilGAT_L2,0.7807787,0.028972764748294206,0.5005050505050506,0.0007824208780217054,inf,,0.00101010101010101,0.0015648417560434008,0.002013290641934351,0.003117090164428264,3165.4,685.1865731317274,,
88,PL,2000,0.01,0.0,2,SybilGAT_L4,0.9282353000000001,0.012471034646732432,0.5073737373737374,0.007886554058966941,inf,,0.01474747474747475,0.015773108117933848,0.028597844214950728,0.030139311945513027,2280.2,340.87968551968595,,
89,PL,2000,0.01,0.0,2,SybilGAT_L8,0.9980388000000001,0.0011760291492986183,0.7172727272727272,0.1294303247244229,0.9997385620915032,0.0005228758169934623,0.43474747474747477,0.2591231791193971,0.552485852162669,0.30016006576988774,4371.0,1103.505323956346,,
90,PL,2000,0.01,0.0,4,SybilRank,0.9392098000000001,0.018311227947901267,0.8668686868686869,0.024850537814510992,0.8664106271236584,0.024632778187266457,0.8674747474747475,0.0251464438520488,0.8669420617354537,0.024885304817837614,81.4,1.8547236990991407,,
91,PL,2000,0.01,0.0,4,SybilBelief,0.8635068,0.1823655413430947,0.8044444444444444,0.17443991150608976,inf,,0.6458585858585859,0.3763640158968358,0.6820110068872814,0.3643005748263487,163.4,4.6303347611160905,,
92,PL,2000,0.01,0.0,4,SybilSCAR,0.746516,0.019999121530707303,0.5860606060606062,0.049869332371636335,0.747196005827327,0.07862395632582898,0.3185858585858586,0.28724019193786865,0.3738992345370488,0.1917064418364953,48.2,29.902508255997525,,
93,PL,2000,0.01,0.0,4,SybilGCN_L2_noDropout,0.6889462000000001,0.01714903133882497,0.50010101010101,0.0002020202020201811,inf,,0.00020202020202020202,0.00040404040404040404,0.0004036326942482341,0.0008072653884964682,8410.2,346.4202072627981,,
94,PL,2000,0.01,0.0,4,SybilGCN_L4_noDropout,0.7966789000000001,0.02335416428476942,0.5044444444444445,0.0030201851288335422,1.0,0.0,0.008888888888888889,0.006040370257667091,0.017550336890863872,0.011826899055437809,14224.4,620.9121032803274,,
95,PL,2000,0.01,0.0,4,SybilGCN_L8_noDropout,0.6677288,0.21048971722856202,0.5188888888888888,0.014354811251305473,inf,,0.04080808080808081,0.030488322391779364,0.07645622499643363,0.055492513566274104,21397.8,10612.88295233675,,
96,PL,2000,0.01,0.0,4,SybilRGCN_L2_noDropout,0.6900845999999999,0.017891168347539486,0.5,0.0,inf,,0.0,0.0,0.0,0.0,7795.2,873.4200364085999,,
97,PL,2000,0.01,0.0,4,SybilGAT_L2,0.6718616,0.013514378100378865,0.50010101010101,0.0002020202020201811,inf,,0.00020202020202020202,0.00040404040404040404,0.0004036326942482341,0.0008072653884964682,3240.2,1036.4903086860002,,
98,PL,2000,0.01,0.0,4,SybilGAT_L4,0.7739307,0.01951207646715233,0.5036363636363637,0.004555544357082691,inf,,0.007272727272727273,0.009111088714165399,0.01427951843940689,0.0177901825698986,2280.4,289.01114165374315,,
99,PL,2000,0.01,0.0,4,SybilGAT_L8,0.8986555,0.0248170529656525,0.606969696969697,0.08721472071524286,0.9683606318633649,0.04105706470762503,0.22828282828282828,0.18864511899414269,0.32610005525002334,0.25429980365334076,2200.2,1272.5394139279144,,
100,PL,2000,0.01,0.0,6,SybilRank,0.7265052000000001,0.028538276320759136,0.6686868686868687,0.02007281917381651,0.6679403749936252,0.02000664476863512,0.6709090909090909,0.020094664243730426,0.6694211301250179,0.020045335459261078,93.2,7.11055553385247,,
101,PL,2000,0.01,0.0,6,SybilBelief,0.5055284,0.00335956686791613,0.5,0.0,inf,,0.2,0.4,0.13333333333333333,0.26666666666666666,126.8,35.48182633405445,,
102,PL,2000,0.01,0.0,6,SybilSCAR,0.6346367999999999,0.014506092408364151,0.5442424242424242,0.027898909441878148,0.6168313252732218,0.06137240180970553,0.29919191919191923,0.30135523566625305,0.3261086727768612,0.19870244018907504,39.0,1.0954451150103321,,
103,PL,2000,0.01,0.0,6,SybilGCN_L2_noDropout,0.6308019,0.011116327412414594,0.5,0.0,inf,,0.0,0.0,0.0,0.0,9031.6,749.9524251577562,,
104,PL,2000,0.01,0.0,6,SybilGCN_L4_noDropout,0.6788388000000001,0.018088523935357488,0.5029292929292929,0.0007422696190252134,1.0,0.0,0.005858585858585859,0.001484539238050411,0.011644586874590211,0.0029396547083696237,15798.6,1647.4839726079279,,
105,PL,2000,0.01,0.0,6,SybilGCN_L8_noDropout,0.5699957,0.14377359768107634,0.5257575757575758,0.02270369147003847,inf,,0.0806060606060606,0.07831351630489554,0.13337751637782808,0.11778222193601122,13627.6,12681.109408880597,,
106,PL,2000,0.01,0.0,6,SybilRGCN_L2_noDropout,0.6351072999999999,0.010956606023764824,0.5,0.0,inf,,0.0,0.0,0.0,0.0,8575.8,1156.3289151448216,,
107,PL,2000,0.01,0.0,6,SybilGAT_L2,0.6233238999999999,0.026427727695358182,0.5003030303030302,0.0006060606060605877,inf,,0.0006060606060606061,0.0012121212121212121,0.0012084592145015106,0.002416918429003021,3106.6,1629.8475511531747,,
108,PL,2000,0.01,0.0,6,SybilGAT_L4,0.6579944999999999,0.021989022663592858,0.507979797979798,0.01345142075524587,0.928187134502924,0.09200330381864581,0.018989898989898994,0.031989438110052476,0.035049753469401264,0.05820224580744561,2492.0,476.14955633708195,,
109,PL,2000,0.01,0.0,6,SybilGAT_L8,0.7083432000000001,0.02896384967092601,0.5542424242424243,0.04485872119053686,0.8498779775053817,0.12378526437185798,0.17777777777777776,0.1767370824895144,0.24173813770751024,0.20901513059646432,1431.8,315.3115284920613,,
110,PL,2000,0.01,0.0,8,SybilRank,0.5607602,0.01930327450356543,0.5435353535353535,0.01520327858142867,0.5432752532712106,0.015131953517409482,0.5466666666666666,0.014850889656152824,0.5449655002589798,0.014990445476965918,99.4,3.261901286060018,,
111,PL,2000,0.01,0.0,8,SybilBelief,0.5022864,0.0029959210169829107,0.5,0.0,inf,,0.2,0.4,0.13333333333333333,0.26666666666666666,99.2,16.98705389406886,,
112,PL,2000,0.01,0.0,8,SybilSCAR,0.5743765999999999,0.012531482411909637,0.523030303030303,0.020751615060019435,0.5503750105294087,0.07360881221374169,0.26525252525252524,0.258695999270904,0.29798181205784147,0.18761012837139002,42.8,2.3151673805580453,,
113,PL,2000,0.01,0.0,8,SybilGCN_L2_noDropout,0.5969917,0.012988131923413785,0.5,0.0,inf,,0.0,0.0,0.0,0.0,9923.0,840.3565909779014,,
114,PL,2000,0.01,0.0,8,SybilGCN_L4_noDropout,0.6085624000000001,0.017684103467238588,0.5012121212121212,0.0010399626405037483,inf,,0.0026262626262626267,0.0019793856507338814,0.005230188857955944,0.0039339393150423325,16625.2,1391.6296058937521,,
115,PL,2000,0.01,0.0,8,SybilGCN_L8_noDropout,0.5255126000000001,0.0615354726920985,0.508989898989899,0.008356411264624828,inf,,0.08626262626262626,0.1151561225376326,0.12243973086824109,0.1427435241237154,9529.4,11200.623100524363,,
116,PL,2000,0.01,0.0,8,SybilRGCN_L2_noDropout,0.6099427,0.015372210005721344,0.5,0.0,inf,,0.0,0.0,0.0,0.0,9277.8,906.2338329592424,,
117,PL,2000,0.01,0.0,8,SybilGAT_L2,0.5937604999999999,0.014693591848149275,0.5,0.0,inf,,0.00020202020202020202,0.00040404040404040404,0.0004032258064516129,0.0008064516129032259,3425.0,755.1511107056652,,
118,PL,2000,0.01,0.0,8,SybilGAT_L4,0.590412,0.01776136668446434,0.5057575757575757,0.008820906240250856,inf,,0.018181818181818184,0.030903148567228998,0.03309565330072968,0.05534932354393941,2547.2,340.93659234526297,,
119,PL,2000,0.01,0.0,8,SybilGAT_L8,0.5949222000000001,0.022925521131699524,0.5058585858585859,0.011677921022345631,0.6180759013282733,0.20780028063114903,0.06505050505050505,0.06603187216811533,0.10627540145572838,0.10073720662591487,1809.0,709.0193227268211,,
120,PL,2000,0.01,0.0,10,SybilRank,0.4674768,0.02880967581490635,0.47191919191919196,0.020849718074872233,0.4721179550985168,0.020721464052470207,0.4751515151515152,0.020409040291494207,0.47362964931738827,0.02056470827852137,104.2,1.4696938456699067,,
121,PL,2000,0.01,0.0,10,SybilBelief,0.4994594,0.004314511344289182,0.5,0.0,inf,,0.2,0.4,0.13333333333333333,0.26666666666666666,88.2,11.338430226446693,,
122,PL,2000,0.01,0.0,10,SybilSCAR,0.5512552000000001,0.0066570319031832555,0.5162626262626262,0.024337775443524723,0.5120819363371383,0.07229385779338676,0.24505050505050505,0.17566652697982318,0.30132279004811463,0.16719500518622354,59.8,31.102411482070007,,
123,PL,2000,0.01,0.0,10,SybilGCN_L2_noDropout,0.5909831,0.009843061080781715,0.5,0.0,inf,,0.0,0.0,0.0,0.0,9139.4,451.24875623097296,,
124,PL,2000,0.01,0.0,10,SybilGCN_L4_noDropout,0.5936242,0.014346895809198568,0.5006060606060606,0.0009793292641244967,inf,,0.0012121212121212123,0.001958658528249022,0.0024136829455045157,0.0038974660307420626,16129.2,841.5496182638312,,
125,PL,2000,0.01,0.0,10,SybilGCN_L8_noDropout,0.5109044,0.03994211090365654,0.505050505050505,0.004332850624146894,inf,,0.04909090909090909,0.064701996350985,0.07915289624929528,0.09621058822558384,9399.0,10137.688987141004,,
126,PL,2000,0.01,0.0,10,SybilRGCN_L2_noDropout,0.6142263,0.013473912644811037,0.5,0.0,inf,,0.0,0.0,0.0,0.0,9015.8,1529.790364723219,,
127,PL,2000,0.01,0.0,10,SybilGAT_L2,0.5966454000000001,0.02067881754936679,0.5,0.0,inf,,0.0,0.0,0.0,0.0,3715.6,1684.058265025293,,
128,PL,2000,0.01,0.0,10,SybilGAT_L4,0.5838545999999999,0.01579293398770474,0.503030303030303,0.0035997029659000823,inf,,0.014141414141414144,0.015765343850607412,0.026823557932027408,0.0291881885216143,3187.6,547.9797806488849,,
129,PL,2000,0.01,0.0,10,SybilGAT_L8,0.5376548999999999,0.05237834410269189,0.5065656565656566,0.014277841199260295,inf,,0.25272727272727274,0.379660624206004,0.21777356818531649,0.24530220312592202,1550.0,320.16745618504075,,
130,PL,2000,0.01,0.0,12,SybilRank,0.3188848,0.0633485757642585,0.3598989898989899,0.04869546007436312,0.3608484086798548,0.048319855474945925,0.36323232323232324,0.04847053660823128,0.36203641899942784,0.0483952030847522,111.0,0.8944271909999159,,
131,PL,2000,0.01,0.0,12,SybilBelief,0.5041481,0.005247232226612422,0.5,0.0,inf,,0.2,0.4,0.13333333333333333,0.26666666666666666,87.0,8.024961059095553,,
132,PL,2000,0.01,0.0,12,SybilSCAR,0.5404566000000001,0.006854200306381487,0.5072727272727272,0.02214310986649658,0.4909382447859752,0.06970473616070882,0.22525252525252526,0.15676559407134716,0.28591052754177637,0.1483779201849669,83.4,42.6830177002517,,
133,PL,2000,0.01,0.0,12,SybilGCN_L2_noDropout,0.6019086,0.01005798486477288,0.5,0.0,inf,,0.0,0.0,0.0,0.0,9764.0,246.28195224173453,,
134,PL,2000,0.01,0.0,12,SybilGCN_L4_noDropout,0.613915,0.017245479082936464,0.5004040404040404,0.0008080808080808133,inf,,0.0008080808080808081,0.0016161616161616162,0.0016096579476861169,0.0032193158953722338,16939.4,440.12616373035587,,
135,PL,2000,0.01,0.0,12,SybilGCN_L8_noDropout,0.5252278,0.05404863225707014,0.5070707070707071,0.006127576116405285,inf,,0.06424242424242424,0.08887419529611325,0.09693762089714587,0.12192613116968923,8397.2,12008.40612904144,,
136,PL,2000,0.01,0.0,12,SybilRGCN_L2_noDropout,0.6322551000000001,0.014450493207499878,0.5,0.0,inf,,0.0,0.0,0.0,0.0,9015.2,207.64720079981817,,
137,PL,2000,0.01,0.0,12,SybilGAT_L2,0.5994898,0.023308386464103447,0.5,0.0,inf,,0.0,0.0,0.0,0.0,3201.6,1591.7689028247787,,
138,PL,2000,0.01,0.0,12,SybilGAT_L4,0.6032831999999999,0.018440633572629792,0.5024242424242424,0.002699068528462094,inf,,0.005252525252525253,0.0052447494891907755,0.010393076820702096,0.010322485821450214,3661.2,631.6303982551822,,
139,PL,2000,0.01,0.0,12,SybilGAT_L8,0.5791544,0.028741980534402984,0.5201010101010101,0.020871238855568384,0.6126081321481355,0.17099496059320693,0.1694949494949495,0.18394979419119048,0.21190379795028705,0.1937601205978918,1493.4,378.41596160838674,,
140,PL,2000,0.01,0.0,14,SybilRank,0.1253684,0.038037423612016626,0.19383838383838384,0.03652936420944067,0.1956906854384654,0.03668933091777918,0.19696969696969696,0.03725616231505699,0.19632789401887152,0.03697095966090712,118.6,0.8,,
141,PL,2000,0.01,0.0,14,SybilBelief,0.49915069999999995,0.008626453295532306,0.5,0.0,inf,,0.2,0.4,0.13333333333333333,0.26666666666666666,92.4,20.04594722132132,,
142,PL,2000,0.01,0.0,14,SybilSCAR,0.5373321999999999,0.011109836927696105,0.5050505050505051,0.02817077369477431,0.47349195369066016,0.08183127307020582,0.20949494949494948,0.14442480618073483,0.27250073427811206,0.1501942898361626,68.4,32.8,,
143,PL,2000,0.01,0.0,14,SybilGCN_L2_noDropout,0.626385,0.013301286614459482,0.5,0.0,inf,,0.0,0.0,0.0,0.0,10136.2,240.89948111193598,,
144,PL,2000,0.01,0.0,14,SybilGCN_L4_noDropout,0.6651596,0.02223692890306574,0.50010101010101,0.0002020202020201811,inf,,0.00020202020202020202,0.00040404040404040404,0.0004036326942482341,0.0008072653884964682,17718.0,386.3143797478939,,
145,PL,2000,0.01,0.0,14,SybilGCN_L8_noDropout,0.5141339,0.09834901960589136,0.5133333333333333,0.017535074242527444,inf,,0.04787878787878788,0.05878614319351294,0.08168372070938487,0.10035004827105039,3698.0,3428.632263745997,,
146,PL,2000,0.01,0.0,14,SybilRGCN_L2_noDropout,0.6648056,0.017022911517716337,0.5,0.0,inf,,0.0,0.0,0.0,0.0,9585.6,667.0719901180081,,
147,PL,2000,0.01,0.0,14,SybilGAT_L2,0.6262153,0.017325609849583926,0.5,0.0,inf,,0.0,0.0,0.0,0.0,3215.6,759.5926803228161,,
148,PL,2000,0.01,0.0,14,SybilGAT_L4,0.6575444000000001,0.023313438689734317,0.5034343434343435,0.004666185641394393,inf,,0.008484848484848484,0.012080740515334185,0.01645938630965469,0.023200041989273543,3419.2,439.8478827958593,,
149,PL,2000,0.01,0.0,14,SybilGAT_L8,0.5399740000000002,0.16083765184899962,0.5007070707070707,0.0008805856451597275,inf,,0.00202020202020202,0.00278465631355358,0.004008459214501511,0.005516713069504881,1413.2,255.48181931401695,,
150,PL,2000,0.01,0.0,16,SybilRank,0.045975400000000013,0.004969869076746389,0.10131313131313133,0.008277899494362783,0.10202689206748514,0.008694078748080548,0.10222222222222221,0.008838239537061561,0.10212441532749154,0.008765922528377133,126.4,1.8547236990991405,,
151,PL,2000,0.01,0.0,16,SybilBelief,0.4881658,0.019503957025690976,0.5,0.0,inf,,0.0,0.0,0.0,0.0,97.6,17.141761869772896,,
152,PL,2000,0.01,0.0,16,SybilSCAR,0.5342854,0.009424889847632184,0.49959595959595965,0.027110253038551753,0.46085390599340414,0.09044641240232726,0.20565656565656565,0.13654324124212525,0.26919581466131576,0.1421988496019664,73.8,33.13246142380611,,
153,PL,2000,0.01,0.0,16,SybilGCN_L2_noDropout,0.654279,0.016989522556564142,0.5,0.0,inf,,0.0,0.0,0.0,0.0,10765.6,346.57732182010983,,
154,PL,2000,0.01,0.0,16,SybilGCN_L4_noDropout,0.7346313,0.026401765103113845,0.5,0.0,inf,,0.0,0.0,0.0,0.0,19075.4,1008.578326160145,,
155,PL,2000,0.01,0.0,16,SybilGCN_L8_noDropout,0.542419,0.14354462023043563,0.5207070707070707,0.025541777736840642,inf,,0.053737373737373736,0.06601270929132373,0.09216339126197823,0.11301306224612413,3496.2,2981.928194977203,,
156,PL,2000,0.01,0.0,16,SybilRGCN_L2_noDropout,0.6988839,0.021730024115034944,0.5,0.0,inf,,0.0,0.0,0.0,0.0,9891.8,979.2495902475529,,
157,PL,2000,0.01,0.0,16,SybilGAT_L2,0.6482701,0.02549385991645832,0.5,0.0,inf,,0.0,0.0,0.0,0.0,3674.6,1128.8983302317351,,
158,PL,2000,0.01,0.0,16,SybilGAT_L4,0.721385,0.03434398994001712,0.5140404040404041,0.02632161208065023,inf,,0.03535353535353535,0.06718500665986218,0.059101149290013456,0.11118479866068524,3661.2,690.835262562646,,
159,PL,2000,0.01,0.0,16,SybilGAT_L8,0.5587351,0.3063899789140304,0.531010101010101,0.05019866663595102,inf,,0.06989898989898989,0.11510436745228723,0.1091098847496311,0.17121757843552934,1792.8,476.04008234601423,,
160,PL,2000,0.05,0.0,2,SybilRank,0.9999538000000001,2.098952119511738e-05,0.9967368421052631,0.0011721609184905304,0.9966320216946152,0.0010319065920992164,0.996842105263158,0.001331485330597185,0.9967370082228191,0.001172399626018812,72.2,0.4,,
161,PL,2000,0.05,0.0,2,SybilBelief,0.9999768,1.4837789592776838e-05,0.9976842105263157,0.0014355980733669208,0.9981118667671728,0.0027614907142526845,0.9972631578947369,0.001263157894736855,0.9976847546397313,0.001431719276353711,127.8,11.720068259186888,,
162,PL,2000,0.05,0.0,2,SybilSCAR,0.9852930000000001,0.0046498121682493326,0.8465263157894738,0.08759362225230657,0.9049593363273498,0.14722285717004707,0.8347368421052632,0.10433273004937994,0.8511785995831083,0.058962797814514877,28.8,0.7483314773547883,,
163,PL,2000,0.05,0.0,2,SybilGCN_L2_noDropout,0.955804,0.005435037773557756,0.5199999999999999,0.00800968942305128,1.0,0.0,0.04,0.016019378846102567,0.07646626275322387,0.029658630791449297,8147.6,903.7587288651767,,
164,PL,2000,0.05,0.0,2,SybilGCN_L4_noDropout,0.9966146,0.0014237900968892445,0.7464210526315789,0.060040060495188785,1.0,0.0,0.4928421052631579,0.12008012099037754,0.6521456065542625,0.10123433770867225,13643.2,262.8683320599878,,
165,PL,2000,0.05,0.0,2,SybilGCN_L8_noDropout,0.9991742,0.00042648957783274904,0.9234736842105263,0.04504426877622155,0.9984581497797358,0.003083700440528636,0.8484210526315789,0.09166239392375587,0.9145462505308004,0.05401867219742705,25100.8,1559.704382246841,,
166,PL,2000,0.05,0.0,2,SybilRGCN_L2_noDropout,0.9377139,0.027140202800274,0.5209473684210526,0.029708463403278422,0.9945945945945945,0.010810810810810787,0.042105263157894736,0.05940051390881715,0.07497463021357371,0.10211934797275822,8864.8,390.58489474120734,,
167,PL,2000,0.05,0.0,2,SybilGAT_L2,0.9628014,0.010684025062681212,0.5378947368421052,0.036036300565523566,1.0,0.0,0.07578947368421052,0.07207260113104712,0.1330930794816108,0.11667928656497996,2719.8,1838.7417872012372,,
168,PL,2000,0.05,0.0,2,SybilGAT_L4,0.9908002,0.0070023998857534405,0.7555789473684211,0.09552746120815389,0.9953528128303754,0.0056921564498679115,0.5143157894736842,0.194082656521202,0.6553798588703282,0.1750236669895836,2219.6,969.9601228916579,,
169,PL,2000,0.05,0.0,2,SybilGAT_L8,0.9997208000000001,0.000431610194504277,0.8982105263157895,0.05599228280818726,0.9990593962999025,0.001261555236051441,0.797263157894737,0.11287352272771498,0.8825629803918865,0.06680254074845447,2792.8,539.7085880361734,,
170,PL,2000,0.05,0.0,4,SybilRank,0.9790262000000001,0.01319747423411014,0.9256842105263159,0.019404999784089123,0.9249984402913738,0.01995981287296378,0.9265263157894736,0.018704881078939948,0.9257605835658789,0.019317665334807024,82.4,3.0066592756745814,,
171,PL,2000,0.05,0.0,4,SybilBelief,0.963344,0.02479818935325718,0.882421052631579,0.06495905379822053,0.9159024845066055,0.11373637569319728,0.875157894736842,0.10583759052372192,0.8831229355746771,0.058084489890670256,169.0,5.477225575051661,,
172,PL,2000,0.05,0.0,4,SybilSCAR,0.8692032,0.016539244050439553,0.6564210526315789,0.06475643691467013,0.7932014012858157,0.13575658745123179,0.5473684210526316,0.24353627429503583,0.5942251447737079,0.09540024710934676,34.2,0.4,,
173,PL,2000,0.05,0.0,4,SybilGCN_L2_noDropout,0.8681908,0.009610601009302158,0.5121052631578947,0.0025998082179428277,1.0,0.0,0.02421052631578947,0.00519961643588567,0.04722601255402294,0.009938018814121641,8957.0,682.889156452202,,
174,PL,2000,0.05,0.0,4,SybilGCN_L4_noDropout,0.9298755999999999,0.010835862191814715,0.6551578947368422,0.049862303471452506,0.9723682436099768,0.02546454028117777,0.32126315789473686,0.1063093275785051,0.47189921754040204,0.12253389456495654,15325.0,1376.035900694455,,
175,PL,2000,0.05,0.0,4,SybilGCN_L8_noDropout,0.8999896,0.04807256876993363,0.732842105263158,0.10710473296131541,0.9296635413767864,0.08334676921185227,0.5288421052631579,0.2561151057013644,0.616979346080438,0.26381649047518274,21432.6,10276.886836002428,,
176,PL,2000,0.05,0.0,4,SybilRGCN_L2_noDropout,0.8325561,0.026160872620002565,0.5148421052631578,0.01866574328279397,0.9501059322033898,0.050684325177812614,0.03263157894736842,0.041591603670030265,0.05976024507746515,0.07367763191124163,9731.6,924.9872647771967,,
177,PL,2000,0.05,0.0,4,SybilGAT_L2,0.8838387999999998,0.024243930460220345,0.514,0.005465581046630387,0.992,0.016000000000000014,0.028421052631578948,0.011721609184905309,0.054983268706667865,0.02181808524459847,3786.4,2701.862513156434,,
178,PL,2000,0.05,0.0,4,SybilGAT_L4,0.9447411000000001,0.012112074274871305,0.697578947368421,0.09547409040707418,0.9595488426010046,0.039213905723963216,0.42336842105263156,0.22305995864868836,0.548513324766588,0.200438243730224,2008.6,261.1594149174025,,
179,PL,2000,0.05,0.0,4,SybilGAT_L8,0.9817116,0.003042622066573492,0.8144210526315788,0.05203088790707777,0.9892921276494903,0.008247999700355443,0.6366315789473684,0.11008412799062844,0.7685835989860956,0.08107593182830218,3587.0,1540.6664791576404,,
180,PL,2000,0.05,0.0,6,SybilRank,0.8382234000000001,0.037286725346160406,0.7609473684210526,0.03113619443474294,0.7596030229866135,0.03122632679261017,0.763578947368421,0.0308663457820821,0.7615838322722454,0.031022768550140006,92.2,2.039607805437114,,
181,PL,2000,0.05,0.0,6,SybilBelief,0.5174439000000001,0.004493238858551798,0.5,0.0,inf,,0.2,0.4,0.13333333333333333,0.26666666666666666,119.4,23.888072337465825,,
182,PL,2000,0.05,0.0,6,SybilSCAR,0.7508844,0.021956387486105317,0.584,0.0355792587965193,0.6792369088829022,0.0925105909559961,0.46147368421052626,0.2657994578635442,0.49416914910133664,0.10121560117125447,53.8,31.612655693566776,,
183,PL,2000,0.05,0.0,6,SybilGCN_L2_noDropout,0.7857048000000001,0.009253531204896871,0.5066315789473684,0.005383878674755534,0.9333333333333332,0.13333333333333336,0.013473684210526315,0.010534733476376255,0.02637695417947398,0.02032739852932818,9632.4,664.002891559969,,
184,PL,2000,0.05,0.0,6,SybilGCN_L4_noDropout,0.8097413,0.012973725061060894,0.6444210526315789,0.047988456599050995,0.8450445450494615,0.0634408286843721,0.3677894736842105,0.14805344546710636,0.4902908284228616,0.1318007135791054,17238.4,1236.5224785664027,,
185,PL,2000,0.05,0.0,6,SybilGCN_L8_noDropout,0.5189586,0.2879979461361487,0.5986315789473684,0.08160278089878746,inf,,0.3465263157894737,0.2926947300279757,0.3771074818613823,0.3096725599635659,13081.6,13911.852624291274,,
186,PL,2000,0.05,0.0,6,SybilRGCN_L2_noDropout,0.789411,0.02428133099317249,0.5216842105263158,0.03714671070691846,inf,,0.05263157894736842,0.09022716790554189,0.08506624087868044,0.140674258774672,11205.8,1452.480416391216,,
187,PL,2000,0.05,0.0,6,SybilGAT_L2,0.7951935,0.037643272604809506,0.5196842105263159,0.01797381906399284,0.9292642140468228,0.09296756530887992,0.05094736842105263,0.056519944755145095,0.0892828453404397,0.09120614269991015,3034.2,2173.0323881617596,,
188,PL,2000,0.05,0.0,6,SybilGAT_L4,0.8282295,0.013035201885663305,0.6736842105263158,0.056087584851865706,0.8306568842868419,0.06410688587459948,0.46189473684210525,0.192580838873926,0.5604664373580026,0.1491903244398277,2248.0,898.4286282170666,,
189,PL,2000,0.05,0.0,6,SybilGAT_L8,0.8677214,0.02044950003398617,0.7376842105263158,0.027972285452972978,0.7944366947362802,0.06872577828320736,0.6741052631578948,0.16208694359916395,0.7109906335631663,0.06305996993986397,4187.6,1416.60447549766,,
190,PL,2000,0.05,0.0,8,SybilRank,0.6305909999999999,0.02910560448436008,0.596,0.015010983974716539,0.5949633665051011,0.014912560599554689,0.6014736842105263,0.015072860900773654,0.5981987583030287,0.014950649478357806,100.6,2.0591260281974,,
191,PL,2000,0.05,0.0,8,SybilBelief,0.5129488,0.003208268264967868,0.5,0.0,inf,,0.2,0.4,0.13333333333333333,0.26666666666666666,105.4,17.499714283381888,,
192,PL,2000,0.05,0.0,8,SybilSCAR,0.6651168000000001,0.01896490157527845,0.5401052631578948,0.025149745431929507,0.585951745048263,0.05208740915803466,0.41726315789473684,0.29048252911834765,0.43265422851033375,0.13069888776383742,46.8,5.1536394906900505,,
193,PL,2000,0.05,0.0,8,SybilGCN_L2_noDropout,0.7338811,0.0074148735552267125,0.5021052631578947,0.0023300993285451017,0.7,0.37583240945932267,0.0054736842105263155,0.005043852021351974,0.010819361093659299,0.009910877550268168,11243.8,1013.5832279591056,,
194,PL,2000,0.05,0.0,8,SybilGCN_L4_noDropout,0.7234399,0.00954664880678028,0.5895789473684211,0.03074405106521057,0.7441514326588472,0.03644362439475502,0.27789473684210525,0.10048083843184609,0.39262103896245676,0.10922541157171442,17207.0,240.4138099194803,,
195,PL,2000,0.05,0.0,8,SybilGCN_L8_noDropout,0.5151456,0.14422122581173688,0.535157894736842,0.037155658200173074,inf,,0.19747368421052633,0.17476042960645494,0.25277193871948633,0.21548045538617416,9872.4,13220.258130611519,,
196,PL,2000,0.05,0.0,8,SybilRGCN_L2_noDropout,0.7359783,0.027385457176391962,0.5130526315789473,0.020119862431585547,inf,,0.034105263157894736,0.054153163314370735,0.059494513935105665,0.09124955438842251,11375.6,1023.4546594744684,,
197,PL,2000,0.05,0.0,8,SybilGAT_L2,0.7341139999999999,0.014204329790595533,0.5258947368421053,0.03965418380989335,0.8803255198604036,0.13176272269795838,0.08294736842105263,0.13580399759128173,0.1181539844202614,0.17827854681126878,2150.4,1335.9610173953429,,
198,PL,2000,0.05,0.0,8,SybilGAT_L4,0.7438956000000001,0.014414680667291947,0.6421052631578947,0.020511465613325838,0.6835612088299291,0.03000251078432499,0.5362105263157895,0.07323653478763745,0.5971588239634763,0.042155966290614424,2801.4,608.4411557414571,,
199,PL,2000,0.05,0.0,8,SybilGAT_L8,0.7266155000000001,0.030179882345695127,0.6298947368421053,0.03586895199823274,0.6857750961623211,0.03486257877675002,0.49284210526315786,0.1425923814851892,0.5581077113974888,0.10420680733007076,2047.2,705.8930230566101,,
200,PL,2000,0.05,0.0,10,SybilRank,0.4280196,0.033409234996329994,0.4367368421052632,0.029128428964865553,0.43736586064024535,0.028945229108925972,0.4418947368421053,0.029521765293403134,0.4396150970729497,0.029208214280011247,107.0,4.242640687119285,,
201,PL,2000,0.05,0.0,10,SybilBelief,0.5108721999999999,0.0011612554240992585,0.5,0.0,inf,,0.4,0.48989794855663565,0.26666666666666666,0.3265986323710904,99.8,15.841717078650282,,
202,PL,2000,0.05,0.0,10,SybilSCAR,0.6090556,0.016110146884494865,0.5122105263157894,0.015116903638750507,0.5268914245257121,0.03247323675931423,0.3951578947368421,0.3034199160064528,0.3979906969797894,0.1467875111922414,83.8,45.26102075738019,,
203,PL,2000,0.05,0.0,10,SybilGCN_L2_noDropout,0.7161928000000001,0.012324765286203234,0.5013684210526316,0.0014355980733669093,0.9199999999999999,0.16,0.003157894736842105,0.0027449273285063782,0.006278392681310259,0.005437280482758734,10752.2,693.8026808826844,,
204,PL,2000,0.05,0.0,10,SybilGCN_L4_noDropout,0.6953485,0.015553123814848257,0.5587368421052631,0.011418020456091941,0.7266628248871239,0.0781597000420482,0.20652631578947372,0.06576176258497447,0.31204617370083054,0.079135689518976,18440.2,1075.571736333751,,
205,PL,2000,0.05,0.0,10,SybilGCN_L8_noDropout,0.5127404,0.08956098116110607,0.5224210526315789,0.032062266290260745,inf,,0.22884210526315787,0.29004659096556873,0.23628683182719357,0.24630306994345932,8467.6,12684.806054488969,,
206,PL,2000,0.05,0.0,10,SybilRGCN_L2_noDropout,0.7193373999999999,0.028678693886577185,0.5083157894736842,0.011975968550170862,inf,,0.022315789473684212,0.033303107256059256,0.040944632667583754,0.05953969482356655,11698.6,416.6747412550946,,
207,PL,2000,0.05,0.0,10,SybilGAT_L2,0.7064605,0.027795380134115776,0.5394736842105263,0.04505213969234674,inf,,0.18884210526315787,0.22913794850697117,0.22029884359454416,0.25050309750867805,3113.2,2228.7156301331943,,
208,PL,2000,0.05,0.0,10,SybilGAT_L4,0.6961875000000001,0.018503342392659747,0.595578947368421,0.025482816979659765,0.6578532594858768,0.027326637836740587,0.41957894736842105,0.157293733376625,0.4915155337902359,0.11137733810487675,3340.8,915.6502389012958,,
209,PL,2000,0.05,0.0,10,SybilGAT_L8,0.6005664,0.12423547334573971,0.5685263157894738,0.039508616122593286,inf,,0.40294736842105267,0.22564885818948002,0.4331035316070917,0.2252943825577197,1991.2,920.0283473893617,,
210,PL,2000,0.05,0.0,12,SybilRank,0.191605,0.03939952360625697,0.24968421052631581,0.035280592704866054,0.252103450241416,0.0354981524440965,0.25473684210526315,0.036488528915020295,0.2534128307131268,0.03598885406964167,118.2,3.370459909270543,,
211,PL,2000,0.05,0.0,12,SybilBelief,0.5125246000000001,0.007083330102430656,0.5,0.0,inf,,0.4,0.48989794855663565,0.26666666666666666,0.3265986323710904,98.4,13.410443691392167,,
212,PL,2000,0.05,0.0,12,SybilSCAR,0.5655296,0.015216275675736166,0.4917894736842105,0.01616260860435305,0.4814813648462799,0.029725553697350006,0.40084210526315794,0.30288394054562096,0.3926758378921865,0.15221416871380258,66.6,30.256239026025693,,
213,PL,2000,0.05,0.0,12,SybilGCN_L2_noDropout,0.7282928,0.014225571220868505,0.5016842105263157,0.0010734777923352935,0.8398268398268399,0.13965987914409844,0.004421052631578948,0.002777032833320615,0.008774933994733395,0.005475981318827514,11849.8,562.9317543006434,,
214,PL,2000,0.05,0.0,12,SybilGCN_L4_noDropout,0.7213876,0.01756064086074309,0.5726315789473684,0.022637698071164822,0.7631750023391382,0.08044289519118028,0.22736842105263158,0.08764825193055475,0.336895493031072,0.1042558388055436,20236.4,1627.5167095916404,,
215,PL,2000,0.05,0.0,12,SybilGCN_L8_noDropout,0.5182398,0.10524692407172762,0.5305263157894736,0.03853695567774635,inf,,0.2265263157894737,0.24850168183047813,0.25512573242738057,0.23661593415111065,8598.6,12874.589028003962,,
216,PL,2000,0.05,0.0,12,SybilRGCN_L2_noDropout,0.7582096,0.0322214293823226,0.5083157894736842,0.008625158073945864,inf,,0.020421052631578947,0.022690010248938915,0.03872016147794834,0.04209798610037658,12267.4,229.50782121749143,,
217,PL,2000,0.05,0.0,12,SybilGAT_L2,0.6970426999999999,0.022078348374821852,0.5290526315789474,0.034948953673620685,inf,,0.1566315789473684,0.18334098531835952,0.1968796560429617,0.223180780897721,2332.8,1155.8644211152102,,
218,PL,2000,0.05,0.0,12,SybilGAT_L4,0.7166166,0.014906779730713174,0.592842105263158,0.03921472955217739,0.7135488073102667,0.06527309157920831,0.3688421052631579,0.22741286115407486,0.4322288549820046,0.19085730884680935,2832.0,768.2637567918975,,
219,PL,2000,0.05,0.0,12,SybilGAT_L8,0.6749750999999999,0.022293297608025616,0.5936842105263158,0.025214866124653727,0.6189472756584955,0.037148836712614756,0.5336842105263158,0.1867879832658428,0.5495236360199125,0.10347952864966983,1929.4,930.6190627748822,,
220,PL,2000,0.05,0.0,14,SybilRank,0.06804800000000001,0.006241934635992273,0.13147368421052633,0.00868277500096896,0.1327664894706131,0.009443817156253349,0.13326315789473683,0.009797958971132715,0.1330140627262765,0.00961926875883076,125.2,4.915282290977803,,
221,PL,2000,0.05,0.0,14,SybilBelief,0.52453,0.017392728339740145,0.5,0.0,inf,,0.4,0.48989794855663565,0.26666666666666666,0.3265986323710904,100.6,15.944905142395797,,
222,PL,2000,0.05,0.0,14,SybilSCAR,0.5272934,0.015955636290665435,0.4754736842105263,0.01735597640288517,0.4554001867794001,0.02971958040500032,0.3930526315789474,0.30399125224328943,0.379259420493243,0.15570790282057706,54.6,2.4166091947189146,,
223,PL,2000,0.05,0.0,14,SybilGCN_L2_noDropout,0.7640708999999999,0.017590910750725778,0.5029473684210526,0.002633683369094057,inf,,0.007578947368421053,0.006899355624494291,0.014903799317242195,0.013476961153648808,11486.6,846.0755521819549,,
224,PL,2000,0.05,0.0,14,SybilGCN_L4_noDropout,0.7942419000000001,0.021900061064755064,0.5923157894736842,0.032595225930534745,0.8419420096384889,0.05284079964082631,0.23157894736842102,0.08872129476086517,0.35262351803012526,0.10967394496841504,20044.8,751.8857359998259,,
225,PL,2000,0.05,0.0,14,SybilGCN_L8_noDropout,0.4351139,0.1936535544348205,0.5358947368421052,0.06590381642507954,inf,,0.15957894736842104,0.21768930056148228,0.19195927250885814,0.25200236536236476,9608.0,14906.098148073492,,
226,PL,2000,0.05,0.0,14,SybilRGCN_L2_noDropout,0.7936683,0.030539222887296942,0.5096842105263159,0.00969678817088549,inf,,0.022315789473684212,0.023199961791925745,0.04239162551861686,0.04328078460647125,12701.8,899.5188491632624,,
227,PL,2000,0.05,0.0,14,SybilGAT_L2,0.7407084,0.014982706305604457,0.5117894736842106,0.01921045421760085,inf,,0.03431578947368421,0.05779167860811356,0.058594951789171755,0.09587315043115453,2381.6,921.0610403225184,,
228,PL,2000,0.05,0.0,14,SybilGAT_L4,0.7783412000000001,0.024018104202038943,0.6437894736842105,0.03410168922144817,0.7516308951615904,0.05264901765112235,0.45073684210526316,0.1455990015490407,0.5438730627021663,0.10648550512703533,2414.8,816.9453837313729,,
229,PL,2000,0.05,0.0,14,SybilGAT_L8,0.40643529999999994,0.23857206172236511,0.5390526315789474,0.06438836459986287,inf,,0.13242105263157894,0.2087847968908234,0.16493722185884857,0.23999879042216332,2138.8,863.2203426703984,,
230,PL,2000,0.05,0.0,16,SybilRank,0.03761300000000001,0.0017061836946823754,0.08936842105263158,0.003873340945889283,0.0896268747578726,0.0039439612850395355,0.08968421052631578,0.003961028994153006,0.08965552756167114,0.003952430547083991,125.4,1.019803902718557,,
231,PL,2000,0.05,0.0,16,SybilBelief,0.5080346,0.02001315317834748,0.5,0.0,inf,,0.4,0.48989794855663565,0.26666666666666666,0.3265986323710904,113.8,26.308933843848557,,
232,PL,2000,0.05,0.0,16,SybilSCAR,0.4962292,0.013267537305770072,0.4570526315789474,0.02485548257126414,0.42238107675557846,0.04172904437918638,0.37305263157894736,0.31108538432959254,0.3546571617327025,0.16444327548562002,56.0,0.8944271909999159,,
233,PL,2000,0.05,0.0,16,SybilGCN_L2_noDropout,0.8083768000000001,0.017214804458953327,0.5067368421052632,0.00775954420799247,0.7440251572327045,0.377618359157834,0.015578947368421053,0.017731765633048898,0.02995955692389054,0.03348161751180394,10647.8,183.42780596190968,,
234,PL,2000,0.05,0.0,16,SybilGCN_L4_noDropout,0.8739994000000001,0.014162411159121183,0.6526315789473685,0.050829136408493514,0.9002764956766036,0.024066920566651325,0.3444210526315789,0.11891177856012587,0.4861283969100537,0.12037531823191872,19055.2,1123.8139347774613,,
235,PL,2000,0.05,0.0,16,SybilGCN_L8_noDropout,0.4341931,0.29132310167791364,0.5712631578947368,0.13150296753653176,inf,,0.19368421052631576,0.2920903742056576,0.22589762553184087,0.3200753150561836,8434.8,12967.69105739337,,
236,PL,2000,0.05,0.0,16,SybilRGCN_L2_noDropout,0.8402871000000001,0.029059786806513242,0.5163157894736843,0.01845560668963631,inf,,0.035789473684210524,0.04298553515645676,0.06534840553725636,0.07516386567661525,11708.4,330.4642794614873,,
237,PL,2000,0.05,0.0,16,SybilGAT_L2,0.7659724,0.03009791709304818,0.504421052631579,0.005505977612893485,inf,,0.010105263157894737,0.012447785683447985,0.0196503402728888,0.024202169461954453,2009.6,636.207073208087,,
238,PL,2000,0.05,0.0,16,SybilGAT_L4,0.8652616,0.018400611931128835,0.7005263157894737,0.03961728266643962,0.8800521233688725,0.06145547220743552,0.4814736842105264,0.14570885097370567,0.6036336518237402,0.09698997087500301,2903.8,671.6541967411505,,
239,PL,2000,0.05,0.0,16,SybilGAT_L8,0.8450994999999999,0.13925785026597234,0.738,0.11889677545373718,0.8076762229435153,0.15541035784760587,0.7450526315789474,0.18385517605379745,0.7389215117697532,0.0960543592401045,2412.2,186.35922300760967,,
240,PL,2000,0.1,0.0,2,SybilRank,0.9999610000000001,1.6552945357252e-05,0.9971111111111111,0.0011331154474650792,0.9971111111111111,0.0011331154474650792,0.9971111111111111,0.0011331154474650792,0.9971111111111111,0.0011331154474650792,77.0,1.6733200530681511,,
241,PL,2000,0.1,0.0,2,SybilBelief,0.9999860000000002,8.89943818454615e-06,0.9975555555555558,0.0008314794192830975,0.9982222134430294,0.0015035558367419855,0.9968888888888889,0.0008314794192830975,0.9975543179682939,0.000830824314559401,119.6,7.2,,
242,PL,2000,0.1,0.0,2,SybilSCAR,0.99648,0.0012939578045670197,0.9287777777777778,0.022253866358483275,0.9675390540046036,0.05436970902638795,0.8939999999999999,0.066750317888918,0.9257526410456635,0.024674988472398445,45.6,30.721979102915878,,
243,PL,2000,0.1,0.0,2,SybilGCN_L2_noDropout,0.9830451,0.003166413308461153,0.6602222222222223,0.06302125841607478,1.0,0.0,0.3204444444444444,0.12604251683214962,0.47301951739440284,0.1294115572425889,9607.2,900.2813782368265,,
244,PL,2000,0.1,0.0,2,SybilGCN_L4_noDropout,0.998884,0.00033722811270709774,0.9156666666666666,0.04450329437105238,0.9992587601078167,0.0009998914185756198,0.8320000000000001,0.08949625828443097,0.9052291169913407,0.055812495939133594,15702.2,1010.4132619873909,,
245,PL,2000,0.1,0.0,2,SybilGCN_L8_noDropout,0.9994254000000001,0.00014227944335006162,0.9623333333333333,0.020498117950342985,0.9997687861271676,0.0004624277456647618,0.9248888888888889,0.04118371966483962,0.9603872913246857,0.022374287861938156,28182.8,1583.2752634965277,,
246,PL,2000,0.1,0.0,2,SybilRGCN_L2_noDropout,0.9589403000000001,0.03994122583697207,0.6016666666666667,0.08186483892277475,0.9687062937062937,0.038335776590993485,0.2128888888888889,0.18022290724626627,0.31351560021282243,0.21979912480722164,10385.0,271.826415199112,,
247,PL,2000,0.1,0.0,2,SybilGAT_L2,0.9838391999999999,0.008691660794117555,0.7088888888888889,0.11422146562654735,0.9975558400910515,0.0035375487007139757,0.4184444444444445,0.22871471258554052,0.55227086345146,0.23355785899802087,3139.6,2255.9266477436718,,
248,PL,2000,0.1,0.0,2,SybilGAT_L4,0.9958435999999999,0.004529581552417402,0.8772222222222222,0.06404570127535376,0.9976358528401532,0.0032317495845487656,0.756,0.12738122039234032,0.8539891863662209,0.08769659735896738,2137.6,375.8263428766004,,
249,PL,2000,0.1,0.0,2,SybilGAT_L8,0.9999568,2.3583044756786352e-05,0.9537777777777778,0.034369811617425014,0.9995540691192865,0.0008918617614269929,0.908,0.0692905851121578,0.9501669225388764,0.03810425944991509,2572.8,1151.5407765250868,,
250,PL,2000,0.1,0.0,4,SybilRank,0.9861888000000001,0.005353621294040163,0.9417777777777779,0.006170419278628824,0.9402162490185532,0.006334173418021496,0.9435555555555556,0.006102013430109352,0.9418819736244692,0.00614636736704622,81.0,2.0976176963403033,,
251,PL,2000,0.1,0.0,4,SybilBelief,0.981155,0.006587412390309276,0.9344444444444443,0.006666666666666662,0.9286566522846481,0.028125575647939327,0.9431111111111111,0.02761642023627731,0.935031032120837,0.006136230407466345,164.8,1.9390719429665317,,
252,PL,2000,0.1,0.0,4,SybilSCAR,0.9212676,0.012072951977043517,0.7378888888888888,0.04078307564737192,0.8634938403185164,0.11551312533831447,0.6271111111111111,0.19806421205953748,0.6926754569738658,0.07971140485673653,33.4,1.4966629547095767,,
253,PL,2000,0.1,0.0,4,SybilGCN_L2_noDropout,0.9164662,0.006166258684161705,0.6343333333333334,0.04773305400290709,0.9811377329768295,0.016910675874449208,0.2757777777777778,0.10393587766823671,0.42002256440608476,0.11324965280370822,9428.8,1491.2265287339815,,
254,PL,2000,0.1,0.0,4,SybilGCN_L4_noDropout,0.9505434000000001,0.005259180871580669,0.8134444444444444,0.032749328520116534,0.9349933319800726,0.03596487092677973,0.6791111111111111,0.09891360490128698,0.7803736454581895,0.054883935376664875,15226.0,1635.8688211467324,,
255,PL,2000,0.1,0.0,4,SybilGCN_L8_noDropout,0.9514422,0.016240638760837013,0.8483333333333333,0.04382203065092229,0.9331077018653684,0.032958761143669975,0.7537777777777778,0.10382939472941438,0.8285821312474418,0.060436165354639707,22257.4,11244.160450651707,,
256,PL,2000,0.1,0.0,4,SybilRGCN_L2_noDropout,0.8932587999999999,0.06172084092881429,0.5666666666666667,0.028395356949619338,0.9250891897700407,0.09193533461111487,0.14422222222222222,0.06045669810433756,0.2446526276258425,0.0906577914635544,9489.2,767.461634220239,,
257,PL,2000,0.1,0.0,4,SybilGAT_L2,0.9250754000000001,0.018456479378256275,0.6074444444444445,0.09488108216650155,0.9412541054360183,0.10205432004845849,0.27755555555555556,0.3053380235771092,0.33474831041828523,0.26187212181132297,2180.4,1058.241106742693,,
258,PL,2000,0.1,0.0,4,SybilGAT_L4,0.9531834,0.03155367364729504,0.8691111111111111,0.03780979035796919,0.9163211250785883,0.030145682944757397,0.8148888888888889,0.09055821400324096,0.8590290773055521,0.04800947601419839,2118.4,315.88263643321704,,
259,PL,2000,0.1,0.0,4,SybilGAT_L8,0.9880291,0.001636487225736882,0.9107777777777777,0.01747873487525647,0.9739905140468116,0.012974445968978144,0.8448888888888888,0.04716977479616568,0.9037981838911223,0.021681313316179784,2533.4,267.3915481087613,,
260,PL,2000,0.1,0.0,6,SybilRank,0.8731350000000001,0.0157614120306526,0.7875555555555556,0.012199979761165177,0.7840107077684073,0.011761244128828998,0.7937777777777778,0.012777294676857818,0.7888626442391842,0.012226985866330356,87.0,0.6324555320336759,,
261,PL,2000,0.1,0.0,6,SybilBelief,0.5540682,0.04191409112052888,0.5,0.0,inf,,0.4,0.48989794855663565,0.26666666666666666,0.3265986323710904,139.6,38.83091551843711,,
262,PL,2000,0.1,0.0,6,SybilSCAR,0.8085283999999999,0.017163841698174667,0.6362222222222222,0.02803525117850694,0.7373707897150888,0.08977877194419782,0.5106666666666666,0.2362051838738703,0.5588965174435623,0.1045013283977671,49.8,27.10276738637588,,
263,PL,2000,0.1,0.0,6,SybilGCN_L2_noDropout,0.8379438,0.008923569586213811,0.613,0.022837590843947514,0.9091679499569982,0.03204343267824166,0.2526666666666667,0.05376951267983708,0.39178876513751715,0.06556186442867612,8177.8,168.65277940194167,,
264,PL,2000,0.1,0.0,6,SybilGCN_L4_noDropout,0.8426027999999999,0.008821098194669452,0.7135555555555555,0.023487848184660907,0.7804690802722973,0.036459359992341456,0.6053333333333334,0.10870596880724159,0.6734375031032628,0.0574710720469084,13849.0,428.25086106159785,,
265,PL,2000,0.1,0.0,6,SybilGCN_L8_noDropout,0.6971713,0.29059172144945905,0.6896666666666667,0.09625429283356088,inf,,0.5351111111111111,0.2903795727944655,0.5693085482182616,0.2888340477225934,7693.0,9361.925421621345,,
266,PL,2000,0.1,0.0,6,SybilRGCN_L2_noDropout,0.7924849,0.029330794050621938,0.5743333333333334,0.07234980184603476,0.811740866962386,0.11434556644900773,0.2395555555555556,0.27754888347109125,0.2876763641658694,0.2398390712247744,9194.2,204.26884246012654,,
267,PL,2000,0.1,0.0,6,SybilGAT_L2,0.8535843,0.014491441804044157,0.6005555555555556,0.07155590062028602,0.9003227051935603,0.10181307940705052,0.2753333333333333,0.26952669993028266,0.3452559256255953,0.21803327749896492,2266.8,627.8937489735026,,
268,PL,2000,0.1,0.0,6,SybilGAT_L4,0.8861865,0.020800858323636602,0.7224444444444444,0.045107005834001485,0.8577635899410858,0.08926082007933685,0.570888888888889,0.18759346641601168,0.656023525023935,0.10670042642227666,2171.0,388.26279759977007,,
269,PL,2000,0.1,0.0,6,SybilGAT_L8,0.9070012000000001,0.012462319906823097,0.7722222222222221,0.05937846805985993,0.8554023945564705,0.058726730273985096,0.6762222222222223,0.1883673846634238,0.7314493242398226,0.11955673404123059,2974.6,1238.3942183327567,,
270,PL,2000,0.1,0.0,8,SybilRank,0.6564365999999999,0.029019100362347557,0.6025555555555555,0.022356814632094338,0.6012365327398086,0.022302426317018308,0.6093333333333333,0.021275384257602573,0.6052549878607973,0.02176702894612992,94.2,0.4,,
271,PL,2000,0.1,0.0,8,SybilBelief,0.5286678,0.0017477877617148034,0.5,0.0,inf,,0.2,0.4000000000000001,0.13333333333333333,0.26666666666666666,111.8,30.60326779937071,,
272,PL,2000,0.1,0.0,8,SybilSCAR,0.717986,0.021678176962097152,0.5750000000000001,0.022654135969910897,0.6387089950753301,0.059179994495261,0.43466666666666665,0.2582738521725523,0.469987634013591,0.12859910724625886,62.0,30.113120064184645,,
273,PL,2000,0.1,0.0,8,SybilGCN_L2_noDropout,0.7866258000000002,0.012716629367092518,0.5841111111111111,0.04685491133327841,0.8601620441845954,0.044198970423407744,0.21044444444444443,0.12969784448554852,0.31536232014636334,0.15602100138561795,8553.0,189.952625672824,,
274,PL,2000,0.1,0.0,8,SybilGCN_L4_noDropout,0.759145,0.01277960199693243,0.6414444444444445,0.020588861905600813,0.669061392113498,0.03653500843113117,0.5842222222222222,0.13422553343965707,0.6116672321368897,0.06628953637084706,14919.2,174.16704625157996,,
275,PL,2000,0.1,0.0,8,SybilGCN_L8_noDropout,0.6099259,0.13347781781344792,0.571,0.04396182406712261,inf,,0.3495555555555555,0.20604877763634535,0.4042553042558512,0.21572731128717026,7712.8,9470.731870346663,,
276,PL,2000,0.1,0.0,8,SybilRGCN_L2_noDropout,0.7741282,0.045496787426806344,0.5326666666666666,0.01817065875267525,0.8307903476989574,0.07398176625383858,0.08288888888888887,0.04838426435357922,0.14637004868399814,0.07771253985981852,9570.4,282.2223237095181,,
277,PL,2000,0.1,0.0,8,SybilGAT_L2,0.7902910000000001,0.022584572814202165,0.5724444444444445,0.06671535259297472,0.8758681727274086,0.10288472654981141,0.2148888888888889,0.2447327592636305,0.2703625944726527,0.2360838116103384,2145.0,827.3183184240513,,
278,PL,2000,0.1,0.0,8,SybilGAT_L4,0.8086942,0.019850741302530738,0.6963333333333332,0.02511111111111111,0.6896714819562725,0.05115871726623963,0.7415555555555555,0.09739723929466494,0.707534066275136,0.02813073245202511,2269.4,731.2385657225692,,
279,PL,2000,0.1,0.0,8,SybilGAT_L8,0.7827810999999999,0.02332913473406162,0.6816666666666666,0.022594110452958595,0.7066494313703868,0.04132784875674347,0.6366666666666667,0.10333452806955681,0.6622279860826847,0.05056705003604949,1378.0,283.6695260333757,,
280,PL,2000,0.1,0.0,10,SybilRank,0.39014899999999997,0.028704255998022336,0.40366666666666673,0.02279971843014355,0.4050992903791327,0.02267982056091757,0.41155555555555556,0.024329020419406558,0.40829802190798575,0.023465047718214636,105.8,2.7129319932501073,,
281,PL,2000,0.1,0.0,10,SybilBelief,0.525625,0.0008473563005017676,0.5,0.0,inf,,0.2,0.4000000000000001,0.13333333333333333,0.26666666666666666,97.6,9.666436778875658,,
282,PL,2000,0.1,0.0,10,SybilSCAR,0.6488137999999999,0.023737885730620616,0.5291111111111111,0.01983761236130826,0.5423791884723356,0.03469784568508526,0.41999999999999993,0.2481347702308785,0.4391751443149963,0.1242937054651562,70.6,34.40116277104598,,
283,PL,2000,0.1,0.0,10,SybilGCN_L2_noDropout,0.7740406,0.013719174123831205,0.5890000000000001,0.022284357576394083,0.8175204763922654,0.03225794114391354,0.2333333333333333,0.06885662326821752,0.35631538089877857,0.08054956618044579,11148.6,1076.5672482478744,,
284,PL,2000,0.1,0.0,10,SybilGCN_L4_noDropout,0.737074,0.012074204503817191,0.6267777777777777,0.01321428333094978,0.6431271055132286,0.02008885304054129,0.579111111111111,0.08970569163164124,0.6045980155090118,0.04213226244379576,18762.8,1730.746243676409,,
285,PL,2000,0.1,0.0,10,SybilGCN_L8_noDropout,0.5048004,0.13641835619864362,0.5306666666666666,0.025399037602064998,inf,,0.26844444444444443,0.22413465970039606,0.29809630353563,0.24465472689869744,8873.8,13085.484605470292,,
286,PL,2000,0.1,0.0,10,SybilRGCN_L2_noDropout,0.7893848,0.037496638251448576,0.5484444444444445,0.03995120480576401,0.8395268486115766,0.09276230690091912,0.12022222222222223,0.10226424257110583,0.1946262419827171,0.14426334505775973,12398.8,422.87463863419384,,
287,PL,2000,0.1,0.0,10,SybilGAT_L2,0.7618921000000001,0.028523720944855686,0.558,0.04971101673859817,0.8428187555741665,0.1274463960905961,0.17422222222222222,0.15194768430427658,0.25083970263887395,0.1900989030558855,2514.0,1110.880551634603,,
288,PL,2000,0.1,0.0,10,SybilGAT_L4,0.7731238,0.023771800000420677,0.6513333333333333,0.018923497706082208,0.6943514370570228,0.07579279014118508,0.6055555555555555,0.16650065806417244,0.6226089473629118,0.07538558148297,2207.8,439.7551136712341,,
289,PL,2000,0.1,0.0,10,SybilGAT_L8,0.6837327,0.042149618003725714,0.6058888888888889,0.022425734776076206,0.6243121641166406,0.040693391974012345,0.5631111111111111,0.09537036317871245,0.5845336619791863,0.040774904942462796,2155.4,598.1881309420976,,
290,PL,2000,0.1,0.0,12,SybilRank,0.1526844,0.020540299614173103,0.2152222222222222,0.022431239239666646,0.21953206339396775,0.023459624276058775,0.2231111111111111,0.024878966276012406,0.22130515783262564,0.024156492267180266,113.8,1.16619037896906,,
291,PL,2000,0.1,0.0,12,SybilBelief,0.5266116000000001,0.0056217942811881885,0.5,0.0,inf,,0.2,0.4000000000000001,0.13333333333333333,0.26666666666666666,100.2,11.82201336490532,,
292,PL,2000,0.1,0.0,12,SybilSCAR,0.5924856,0.02065798197888651,0.4961111111111111,0.01680314491434105,0.48979161528096726,0.03327526775626167,0.4228888888888889,0.23655198055855048,0.4279196439811215,0.11892794407989728,64.4,29.30938416275579,,
293,PL,2000,0.1,0.0,12,SybilGCN_L2_noDropout,0.7925097999999999,0.014271975622176513,0.5758888888888889,0.03408160142299002,0.8481614145646335,0.05199479948837287,0.196,0.11097458278674158,0.30017016167436406,0.12983524951171474,12394.4,446.6876313487984,,
294,PL,2000,0.1,0.0,12,SybilGCN_L4_noDropout,0.7755346,0.015610948063458523,0.6676666666666667,0.021765869760240527,0.7011283073227729,0.023650851820287724,0.5935555555555556,0.11071128061006696,0.6355322230815752,0.05768882149910433,20899.8,462.7013723774763,,
295,PL,2000,0.1,0.0,12,SybilGCN_L8_noDropout,0.46274809999999994,0.16656390591583756,0.5302222222222223,0.03781305542393826,inf,,0.13355555555555557,0.16590998600684084,0.17545645750267744,0.2163409463321559,9809.8,15023.990181040454,,
296,PL,2000,0.1,0.0,12,SybilRGCN_L2_noDropout,0.8046402,0.03426623273953524,0.5528888888888889,0.04458505534922915,0.8834074243346551,0.0921068637850069,0.1462222222222222,0.1574669865459165,0.21237859188274405,0.18028941529564227,13346.6,610.597936452458,,
297,PL,2000,0.1,0.0,12,SybilGAT_L2,0.7816829999999999,0.01957087430596807,0.5711111111111111,0.041438635279496816,0.835511499090884,0.09403581664036295,0.2031111111111111,0.15266747533345587,0.29277098073110774,0.16467271088088434,2397.6,447.2827293781865,,
298,PL,2000,0.1,0.0,12,SybilGAT_L4,0.7952414999999999,0.01632880419687861,0.6848888888888889,0.016716222622513488,0.6995900704481801,0.03444601916545442,0.6595555555555557,0.072013716114654,0.6752212883267801,0.02597484653568586,2481.6,477.4694126328931,,
299,PL,2000,0.1,0.0,12,SybilGAT_L8,0.7327250000000001,0.024862324277910942,0.6466666666666667,0.02204092713875263,0.6609125995867327,0.0315356104068442,0.6086666666666666,0.04553332791063361,0.6321783526907305,0.024696445169993957,2986.4,2107.864853352795,,
300,PL,2000,0.1,0.0,14,SybilRank,0.0601264,0.0030875387997562017,0.12366666666666666,0.00537024265493092,0.12472432584549367,0.0065564472029996,0.12511111111111112,0.007083278866892989,0.12491615137650725,0.006812343604533453,120.8,2.9933259094191533,,
301,PL,2000,0.1,0.0,14,SybilBelief,0.5294961,0.009210470603611997,0.5,0.0,inf,,0.2,0.4000000000000001,0.13333333333333333,0.26666666666666666,105.6,12.109500402576483,,
302,PL,2000,0.1,0.0,14,SybilSCAR,0.5475592,0.02046991260753206,0.4644444444444444,0.014393071035298906,0.44170326230881374,0.04544293857335116,0.39288888888888895,0.243508916864645,0.39089904033251,0.13243873196711095,90.4,44.19321214847366,,
303,PL,2000,0.1,0.0,14,SybilGCN_L2_noDropout,0.8336373,0.012357285096654498,0.5797777777777778,0.05097275960964074,0.8799343014534484,0.024851832809559448,0.18711111111111112,0.12222949473312916,0.2883411225645074,0.1689993229960328,12359.8,693.4347554024099,,
304,PL,2000,0.1,0.0,14,SybilGCN_L4_noDropout,0.8527706,0.011597626388188221,0.7024444444444444,0.04556314299957806,0.812780952212201,0.0817748111002553,0.5731111111111111,0.21210456307918588,0.6360748587167763,0.12772145117313036,21845.2,1431.1021486951936,,
305,PL,2000,0.1,0.0,14,SybilGCN_L8_noDropout,0.4440842,0.27298251074905877,0.5727777777777778,0.10381964418412594,inf,,0.21200000000000002,0.29164361813693096,0.2405834393786476,0.3112145385293782,9452.4,14344.35944334915,,
306,PL,2000,0.1,0.0,14,SybilRGCN_L2_noDropout,0.8709728,0.030528589542591075,0.5655555555555555,0.07423935264724148,0.9618690069107343,0.06943433869459728,0.15444444444444444,0.19404975816005365,0.2172397327218051,0.2223705661412562,13167.8,465.77994804413805,,
307,PL,2000,0.1,0.0,14,SybilGAT_L2,0.8098700000000001,0.03697994562867826,0.5885555555555555,0.03796782263385085,0.8273155488537522,0.12603562963490203,0.2688888888888889,0.15891763531721337,0.3652479859958976,0.16976982726126236,2983.0,478.8807784824945,,
308,PL,2000,0.1,0.0,14,SybilGAT_L4,0.8607009999999999,0.01640722950409367,0.7087777777777777,0.030046055183647072,0.8452741471390371,0.02084240591826295,0.5131111111111111,0.08147831643684542,0.6340161689797188,0.061901932875924326,2437.8,472.79314715845874,,
309,PL,2000,0.1,0.0,14,SybilGAT_L8,0.5691063000000001,0.3329500594680229,0.6483333333333333,0.12163292276860968,inf,,0.4228888888888889,0.34587130982919495,0.4414983213961358,0.3607463954998058,2448.2,1102.006606150798,,
310,PL,2000,0.1,0.0,16,SybilRank,0.03626680000000001,0.0015295873168930222,0.09055555555555556,0.003460535889421652,0.08989280792682616,0.0053057658861437405,0.08977777777777778,0.005726266100766724,0.08983468294569324,0.00551542210436233,134.2,3.655133376499413,,
311,PL,2000,0.1,0.0,16,SybilBelief,0.5278275,0.012561926544125284,0.5,0.0,inf,,0.2,0.4000000000000001,0.13333333333333333,0.26666666666666666,120.6,15.486768546084752,,
312,PL,2000,0.1,0.0,16,SybilSCAR,0.5089347999999999,0.018233843022248498,0.44399999999999995,0.01214826106541922,0.3997209599917645,0.06481423055214221,0.36600000000000005,0.2688012713079872,0.35308504545197267,0.160738137504521,59.8,2.4819347291981715,,
313,PL,2000,0.1,0.0,16,SybilGCN_L2_noDropout,0.8768412,0.011053920705342547,0.6274444444444445,0.031280491297332125,0.9157101185046516,0.009037210066175303,0.2806666666666667,0.06837658974160205,0.42501251103951426,0.0819360103516645,12808.2,1106.0705944920514,,
314,PL,2000,0.1,0.0,16,SybilGCN_L4_noDropout,0.9161360000000001,0.007336004852779225,0.7757777777777778,0.08067890938623978,0.9070239921339492,0.025014154420843114,0.6206666666666667,0.1919652746375413,0.7140017362924718,0.15769091301569957,21784.6,1970.9336467775875,,
315,PL,2000,0.1,0.0,16,SybilGCN_L8_noDropout,0.4339539,0.33743080458775543,0.6012222222222221,0.1403146376215404,inf,,0.4533333333333333,0.39599725650627154,0.4207790176124301,0.3519981711973247,9264.4,13940.54849136145,,
316,PL,2000,0.1,0.0,16,SybilRGCN_L2_noDropout,0.9043518,0.016837015797343674,0.5677777777777778,0.08412659478795802,0.9783985102420857,0.043202979515828674,0.14844444444444446,0.1937461747929842,0.21191174649696562,0.23248275361459458,13205.8,885.2900993459715,,
317,PL,2000,0.1,0.0,16,SybilGAT_L2,0.8604006,0.020328082384720923,0.6274444444444445,0.03404173183274962,0.9059903813475085,0.05686549339333598,0.29222222222222227,0.09963885404082033,0.4296020791282341,0.10256692889333095,2181.8,477.93698329382295,,
318,PL,2000,0.1,0.0,16,SybilGAT_L4,0.9284774,0.012700117107334095,0.7787777777777778,0.04707808066406642,0.9159512026391965,0.03452030511933223,0.6204444444444445,0.13058765562819916,0.7291234542357912,0.08111592724996235,2268.8,556.3849027426966,,
319,PL,2000,0.1,0.0,16,SybilGAT_L8,0.9454970000000001,0.0072832198717325426,0.8453333333333333,0.019050290817909165,0.9173788084304679,0.025203470817703136,0.7617777777777779,0.0647334515771129,0.8297567318320807,0.029987665688003647,2620.6,966.3360906020223,,
320,PL,2000,0.2,0.0,2,SybilRank,0.9999716,1.3395521639722528e-05,0.9971250000000002,0.0010155048005795171,0.997001558986811,0.0012720014425052334,0.99725,0.000935414346693513,0.9971255460451351,0.0010146986572870831,73.6,2.8705400188814645,,
321,PL,2000,0.2,0.0,2,SybilBelief,0.9999866,9.478396488881999e-06,0.997875,0.0010155048005795171,0.9985003105473602,0.0014567238332821749,0.99725,0.0014577379737113437,0.9978736682050279,0.0010158562590637773,109.0,16.1245154965971,,
322,PL,2000,0.2,0.0,2,SybilSCAR,0.9996279999999999,0.00014083323471391832,0.9754999999999999,0.012011713033535217,0.9649405309153856,0.029918909604290552,0.9882500000000001,0.012539936203984485,0.9760206881989756,0.011141275104127471,29.4,0.4898979485566356,,
323,PL,2000,0.2,0.0,2,SybilGCN_L2_noDropout,0.9964338000000001,0.0007061890398469972,0.8225,0.05949658603651134,0.9983585542672515,0.0017296301807410452,0.64625,0.12017955316941395,0.7778495632389261,0.09065931548782794,8789.6,752.0097339795543,,
324,PL,2000,0.2,0.0,2,SybilGCN_L4_noDropout,0.9995085999999999,0.000199557109620257,0.966375,0.01930187814695763,0.9979365333963166,0.001908845124279013,0.93475,0.040143492623338065,0.9648268926450664,0.020934548605160388,14668.8,1096.020875713597,,
325,PL,2000,0.2,0.0,2,SybilGCN_L8_noDropout,0.9994936000000001,0.00011469019138531346,0.977,0.011459166636365863,0.9969626301565796,0.0042511387672117245,0.9570000000000001,0.025268557536986553,0.9763621167350879,0.01218906909849248,26067.4,1147.9060240280996,,
326,PL,2000,0.2,0.0,2,SybilRGCN_L2_noDropout,0.9482773,0.0809186957480161,0.6438750000000001,0.09881674959236417,0.9257113796527257,0.12061715057081523,0.30225,0.19003519410888076,0.4252797617427332,0.24254547013411773,9641.6,517.6224879195262,,
327,PL,2000,0.2,0.0,2,SybilGAT_L2,0.9967488,0.0027556543614902203,0.900375,0.048730124153340694,0.996684758199667,0.005231526247420326,0.80325,0.09600325515314573,0.8864581674651539,0.06111105419788378,3059.6,2905.0263750954136,,
328,PL,2000,0.2,0.0,2,SybilGAT_L4,0.9986450000000001,0.0022220440139654966,0.9724999999999999,0.02196232569651949,0.9974731538831106,0.00389255039763337,0.9475000000000001,0.04562756842085715,0.9712212429681909,0.023768474290954453,1813.8,520.6816301733719,,
329,PL,2000,0.2,0.0,2,SybilGAT_L8,0.9995508,0.0005043456751078272,0.9797499999999999,0.01652460286966072,0.9935087666682844,0.008191857988422717,0.966,0.03557035282366482,0.9791448122600871,0.017468086322691017,2557.0,909.8380075595875,,
330,PL,2000,0.2,0.0,4,SybilRank,0.9907997999999999,0.0010879342627199509,0.9465,0.00372071901653431,0.9467194296876515,0.002883575520316091,0.94625,0.004999999999999982,0.9464821977432128,0.003786960670266614,86.0,3.0983866769659336,,
331,PL,2000,0.2,0.0,4,SybilBelief,0.9870726000000001,0.0016748583940142286,0.9403750000000001,0.0043409388385463234,0.9398664005909317,0.012020058785941055,0.9412499999999999,0.011319231422671766,0.9404328547522747,0.004234099682391572,192.4,41.48059787418691,,
332,PL,2000,0.2,0.0,4,SybilSCAR,0.9745986,0.0043907145477701396,0.83375,0.04552986657129582,0.8183356394878489,0.1087385740092018,0.90175,0.08998472092527711,0.8465047933631462,0.02497047659995504,48.4,28.30265005260108,,
333,PL,2000,0.2,0.0,4,SybilGCN_L2_noDropout,0.96038,0.001990151652512959,0.743375,0.057443722459464594,0.9703978810726609,0.022481850365133744,0.50525,0.1303082883012435,0.6525759026598882,0.1122294277248472,9689.6,685.3030278643164,,
334,PL,2000,0.2,0.0,4,SybilGCN_L4_noDropout,0.9706552,0.0011474902003938481,0.871875,0.019473539739862405,0.9314819720221574,0.023574340301108422,0.80525,0.06451937693437529,0.8614066263007356,0.027858373558842287,17043.0,1273.5737120402573,,
335,PL,2000,0.2,0.0,4,SybilGCN_L8_noDropout,0.9617084,0.007175054748223231,0.8803750000000001,0.007443537465479683,0.8822077499119592,0.03428621881005004,0.8815,0.038619943034655047,0.8804086060244346,0.007623196238086553,30372.0,682.2454103913049,,
336,PL,2000,0.2,0.0,4,SybilRGCN_L2_noDropout,0.8124509,0.058642798770522524,0.54225,0.04002460180938718,0.7935121741004094,0.16410669528450567,0.17149999999999999,0.19215456018528415,0.2240127632030542,0.2039248561270051,10719.4,360.5343811621854,,
337,PL,2000,0.2,0.0,4,SybilGAT_L2,0.9747713999999998,0.004214671071388606,0.8215,0.03939305141773102,0.9512093114185557,0.04306098685633487,0.68575,0.12457076302246847,0.7875156787771352,0.0605879150052613,2134.8,1210.8245785414167,,
338,PL,2000,0.2,0.0,4,SybilGAT_L4,0.9855339000000001,0.0058681443267867535,0.8991250000000001,0.017096234965629124,0.9520075773131911,0.04380334813648173,0.8465,0.07520970682033004,0.8922202629870132,0.024384527716245333,1946.0,419.19589692648475,,
339,PL,2000,0.2,0.0,4,SybilGAT_L8,0.9918323999999998,0.0005914313485096869,0.93625,0.00728868986855663,0.9747984139085253,0.00991885365661701,0.8959999999999999,0.023958297101421888,0.9334286301455228,0.008673288503251025,2965.8,389.6595437045011,,
340,PL,2000,0.2,0.0,6,SybilRank,0.9038664000000001,0.013350849480089265,0.812625,0.012128221221597173,0.8102294407384039,0.01212113243380155,0.8165000000000001,0.012806248474865712,0.8133434968829327,0.012158536030377757,94.4,6.651315659326356,,
341,PL,2000,0.2,0.0,6,SybilBelief,0.554899,0.0034430071884909252,0.5,0.0,inf,,0.6,0.48989794855663565,0.4,0.3265986323710904,160.8,26.79850742112329,,
342,PL,2000,0.2,0.0,6,SybilSCAR,0.9024384000000001,0.009714668817823846,0.704125,0.04315777739874935,0.7183428302653969,0.11109323022375701,0.77825,0.1832341398320739,0.7181881352077764,0.04487968372861635,37.6,0.7999999999999999,,
343,PL,2000,0.2,0.0,6,SybilGCN_L2_noDropout,0.8956812,0.004000130917857573,0.6987499999999999,0.03469284868672505,0.8700777201468094,0.025990638801944833,0.47125000000000006,0.09468038339592844,0.6036666261401918,0.08210894198314582,10111.4,672.6691906130383,,
344,PL,2000,0.2,0.0,6,SybilGCN_L4_noDropout,0.8771012,0.007617215512245931,0.7455,0.017263581609851402,0.7670832132126179,0.030425103459159962,0.71325,0.08875739405818536,0.7339790127163179,0.04129129559769132,17811.2,1948.9975269353217,,
345,PL,2000,0.2,0.0,6,SybilGCN_L8_noDropout,0.8341505000000001,0.029775938755982136,0.693375,0.08080609506714205,0.8090553314734674,0.1190643696314149,0.5765,0.2586774052753738,0.6060202365294782,0.23653651196546255,25417.0,12499.983167988667,,
346,PL,2000,0.2,0.0,6,SybilRGCN_L2_noDropout,0.808619,0.09695139022623663,0.5307499999999999,0.0209254629578416,0.7542775110761998,0.19865157158203847,0.16475,0.15227729640363333,0.22661348033231382,0.15310115270634025,11535.2,1439.0205557948086,,
347,PL,2000,0.2,0.0,6,SybilGAT_L2,0.9237949000000001,0.008047672759251615,0.75775,0.031070987271086172,0.8590342247862228,0.0832127944330556,0.65,0.1691873961026648,0.717858192072308,0.07494051521180109,2802.2,1545.7568243420437,,
348,PL,2000,0.2,0.0,6,SybilGAT_L4,0.9418689,0.007246887734745184,0.834,0.011405864719520405,0.8492105761456477,0.05720462868256119,0.8254999999999999,0.08640601830891177,0.8310753327590443,0.02127076976336549,1805.4,269.5942135877549,,
349,PL,2000,0.2,0.0,6,SybilGAT_L8,0.9298012,0.011482176338133818,0.8393750000000001,0.01497393568838868,0.844394571559737,0.030498050229315524,0.83625,0.05865684103325032,0.8381078574025415,0.020767655771357033,3765.8,1401.2138166603982,,
350,PL,2000,0.2,0.0,8,SybilRank,0.6855362,0.01615994635387132,0.6212500000000001,0.00795495128834867,0.6195206630355891,0.007843350711506027,0.6285000000000001,0.008674675786448737,0.6239715433246569,0.008017069730136089,99.6,3.0066592756745814,,
351,PL,2000,0.2,0.0,8,SybilBelief,0.5522636000000001,0.0036185640577444346,0.5,0.0,inf,,0.6,0.48989794855663565,0.4,0.3265986323710904,116.4,15.409088227406578,,
352,PL,2000,0.2,0.0,8,SybilSCAR,0.8214748000000001,0.013091644135096238,0.616375,0.033730086717943676,0.6321781147359707,0.08158239266825124,0.70625,0.22291674454827298,0.6333314383464446,0.07008465852262528,63.4,37.83437590340298,,
353,PL,2000,0.2,0.0,8,SybilGCN_L2_noDropout,0.8493336000000001,0.0037725434709225143,0.659,0.026700304305382,0.7765870504715823,0.053338410696210724,0.46875,0.14220583672972076,0.5660078760613519,0.0909301438630947,11637.2,1191.9789259882073,,
354,PL,2000,0.2,0.0,8,SybilGCN_L4_noDropout,0.8059584000000001,0.0075248550178724175,0.6676249999999999,0.005881645178009295,0.6764098793407464,0.022784879296418054,0.64925,0.04936218188046393,0.6606295801055172,0.015352412677354293,18080.0,1064.8137865373455,,
355,PL,2000,0.2,0.0,8,SybilGCN_L8_noDropout,0.6289102000000001,0.21647196780197664,0.6018749999999999,0.07461463495856559,inf,,0.41925,0.2957042441359271,0.43723965408371157,0.278782496539165,24415.0,20403.044449297267,,
356,PL,2000,0.2,0.0,8,SybilRGCN_L2_noDropout,0.7779952,0.04845958070557356,0.5425,0.053815367229073166,0.7692416934047107,0.16377401865565847,0.21225,0.3040922968442311,0.22472750592449095,0.2512167275038391,11730.8,901.0321636878452,,
357,PL,2000,0.2,0.0,8,SybilGAT_L2,0.8814088,0.013644217242480432,0.7074999999999999,0.03324389041613513,0.8425654765217345,0.05125745874104761,0.5225000000000001,0.12117910298397164,0.6329042354256335,0.07630580409896043,1533.6,376.7426707979865,,
358,PL,2000,0.2,0.0,8,SybilGAT_L4,0.8813438999999998,0.012526233825056928,0.755625,0.015547306840736122,0.7794289519895851,0.04754374027950869,0.72775,0.09873069431539513,0.7455335286143165,0.03687208025191377,2070.4,639.8670486905854,,
359,PL,2000,0.2,0.0,8,SybilGAT_L8,0.8294183,0.024074182244886364,0.724125,0.023145598933706588,0.7667793472561315,0.01752059711658485,0.648,0.08692166013140797,0.6980984669541687,0.048084668889068566,2355.0,845.7323453670198,,
360,PL,2000,0.2,0.0,10,SybilRank,0.3328242,0.03296574064327995,0.3625,0.024890384689674843,0.36516093464130545,0.024258059992991347,0.37225,0.024269322199023193,0.36867013458973136,0.024257116720234017,103.2,0.9797958971132712,,
361,PL,2000,0.2,0.0,10,SybilBelief,0.5483231999999999,0.004028027874779411,0.5,0.0,inf,,0.6,0.48989794855663565,0.4,0.3265986323710904,99.2,10.703270528207723,,
362,PL,2000,0.2,0.0,10,SybilSCAR,0.7502563999999999,0.014671823562188846,0.557375,0.019670726981990263,0.5665593878762059,0.04550685441114055,0.65475,0.2329235389564567,0.5775565415537453,0.08603890126883382,44.8,0.7483314773547882,,
363,PL,2000,0.2,0.0,10,SybilGCN_L2_noDropout,0.8428844,0.0073749147140831145,0.659375,0.03943745047540472,0.7628825978489578,0.0322015287257994,0.47575,0.15221202317819707,0.5679884052171769,0.1092442381752547,10102.8,478.2243824816965,,
364,PL,2000,0.2,0.0,10,SybilGCN_L4_noDropout,0.7969894,0.012233306987074232,0.6667500000000001,0.013494211722068095,0.6853042104030438,0.01828911041588734,0.62,0.059102664914536626,0.6490712104053531,0.027665925282608268,17214.4,448.7857395238846,,
365,PL,2000,0.2,0.0,10,SybilGCN_L8_noDropout,0.5990286,0.17576192995225104,0.576375,0.056176896941714405,inf,,0.40075000000000005,0.2536417256683135,0.4272701816002062,0.24470554997969496,14494.2,14071.62585346839,,
366,PL,2000,0.2,0.0,10,SybilRGCN_L2_noDropout,0.8180826000000001,0.05084289735095748,0.5633750000000001,0.042346413661607775,0.7741597059201422,0.12921309185123428,0.28375000000000006,0.3293468915900073,0.30840626590849385,0.2181136863495342,10965.6,377.21961772951306,,
367,PL,2000,0.2,0.0,10,SybilGAT_L2,0.8669871999999998,0.004480610746315691,0.6717500000000001,0.04494336714132576,0.8185200377729259,0.10251414547139501,0.5002500000000001,0.23020018462199374,0.5718340630892256,0.14546767502681882,1391.2,255.93702350382992,,
368,PL,2000,0.2,0.0,10,SybilGAT_L4,0.8553718,0.015578745336515355,0.7347500000000001,0.012702115965460241,0.751595775390428,0.0317118587432285,0.7095,0.07924093008035683,0.7257773049123698,0.030782111732989798,1897.2,516.5370848254751,,
369,PL,2000,0.2,0.0,10,SybilGAT_L8,0.6658280999999999,0.21790162644675232,0.6367499999999999,0.06942441933498615,inf,,0.50175,0.2759705600240721,0.5189030335810714,0.26488629884171855,2111.0,755.5795126920793,,
370,PL,2000,0.2,0.0,12,SybilRank,0.1124466,0.009621349522806045,0.17875000000000002,0.011685995892520241,0.18235087778275283,0.012841638239352374,0.1845,0.013706750161872802,0.18341831758862423,0.013269066417728497,110.4,0.8,,
371,PL,2000,0.2,0.0,12,SybilBelief,0.5486381,0.0033031264341529163,0.5,0.0,inf,,0.6,0.48989794855663565,0.4,0.3265986323710904,103.2,15.051910177781425,,
372,PL,2000,0.2,0.0,12,SybilSCAR,0.6908448,0.014946637981833944,0.507375,0.013453624047073688,0.5131822505528627,0.02407814892165669,0.6185,0.24108271402155734,0.5339873219157526,0.10093106365246957,65.8,34.60289005271092,,
373,PL,2000,0.2,0.0,12,SybilGCN_L2_noDropout,0.8676934,0.00834402556563673,0.670625,0.037116792021940716,0.8304700276120001,0.03828908841008216,0.43925000000000003,0.1311692608807414,0.5601016853860651,0.09360718662160476,10145.2,135.20857960943158,,
374,PL,2000,0.2,0.0,12,SybilGCN_L4_noDropout,0.8444588,0.012608355220249789,0.71075,0.01603414325743662,0.7449928677621321,0.04113794428000244,0.6537499999999999,0.09289442932705921,0.6900442475931338,0.03897495093039753,17419.4,186.47423414509578,,
375,PL,2000,0.2,0.0,12,SybilGCN_L8_noDropout,0.5828032000000001,0.19665453089176457,0.56075,0.06728368115672627,inf,,0.23650000000000002,0.24727439212340607,0.2783661717448425,0.2678310692974673,2840.6,2100.1238630137987,,
376,PL,2000,0.2,0.0,12,SybilRGCN_L2_noDropout,0.8733831999999999,0.012018612688659213,0.5751249999999999,0.0846134593312435,0.9347551503730678,0.09922864759338658,0.20099999999999998,0.25635351567708214,0.24926345962260474,0.2686081833451373,10777.0,151.84465746281626,,
377,PL,2000,0.2,0.0,12,SybilGAT_L2,0.8576708,0.04243388573015674,0.693875,0.05598465191460958,0.7499935969672668,0.1231381184002784,0.6819999999999999,0.19482620460297428,0.6777440561089388,0.09223451374302764,2434.0,899.7695260454201,,
378,PL,2000,0.2,0.0,12,SybilGAT_L4,0.8793358999999998,0.005074982457112555,0.74425,0.01599023139294739,0.8081281317903228,0.031858691683963554,0.6465000000000001,0.07337148628724922,0.7140990153286143,0.03856029921510463,2690.4,737.3207171916438,,
379,PL,2000,0.2,0.0,12,SybilGAT_L8,0.8066964000000001,0.02249626296832432,0.7022499999999999,0.02234180498527368,0.7391645155370528,0.02795478380527271,0.63425,0.10723105893350116,0.6756720956275942,0.05411038722750609,2071.4,585.7281280594266,,
380,PL,2000,0.2,0.0,14,SybilRank,0.05471720000000001,0.002532418243497706,0.11687499999999999,0.00664971803913519,0.11788787692300591,0.008162891831426036,0.11825000000000001,0.0087535707000058,0.11806744025467855,0.008453984632359376,117.8,0.7483314773547882,,
381,PL,2000,0.2,0.0,14,SybilBelief,0.5310379999999999,0.024729228366449307,0.5,0.0,inf,,0.6,0.48989794855663565,0.4,0.3265986323710904,110.0,20.620378270051205,,
382,PL,2000,0.2,0.0,14,SybilSCAR,0.6402416,0.015713876066712516,0.47037500000000004,0.018580904176062053,0.4700617909489833,0.022131029167935933,0.58025,0.26549646890307227,0.4926527463892814,0.12837774529812626,68.8,31.606328480226868,,
383,PL,2000,0.2,0.0,14,SybilGCN_L2_noDropout,0.9022957000000001,0.008179528798164377,0.7168749999999999,0.035516281477654725,0.8703317979318761,0.03379730914665861,0.51675,0.1143913239717069,0.6386021398461017,0.07601331742877153,10420.6,352.2899941809304,,
384,PL,2000,0.2,0.0,14,SybilGCN_L4_noDropout,0.9063435,0.0079375518392008,0.797125,0.022477766792989035,0.8493634772130685,0.03328853338716503,0.7282500000000001,0.08766983517721472,0.7794743025216887,0.03897253870769382,18640.2,183.6337659582246,,
385,PL,2000,0.2,0.0,14,SybilGCN_L8_noDropout,0.6123888,0.2552325324418108,0.5850000000000001,0.10868029375190336,inf,,0.28674999999999995,0.34565300519451586,0.29237457193845706,0.34406078820873864,2794.4,2102.2940422310103,,
386,PL,2000,0.2,0.0,14,SybilRGCN_L2_noDropout,0.9041039,0.011247899441228964,0.5831250000000001,0.07162292754418799,0.9534744268077601,0.05700818061563542,0.18649999999999997,0.16828250057566888,0.27436178201798833,0.21719503702027024,11410.6,118.87909824691639,,
387,PL,2000,0.2,0.0,14,SybilGAT_L2,0.904388,0.031131913009000877,0.7297499999999999,0.055238969487129294,0.8365052462710135,0.10121299427256066,0.6205,0.19624697449897155,0.6816958602823543,0.10452580105904015,2195.6,592.156263160325,,
388,PL,2000,0.2,0.0,14,SybilGAT_L4,0.9280589999999999,0.013070588938529176,0.8162499999999999,0.01147687893113804,0.8355970108739555,0.04522274866579019,0.79575,0.06712674578735367,0.8113856849108693,0.019185219458905615,1837.4,265.8756100134046,,
389,PL,2000,0.2,0.0,14,SybilGAT_L8,0.5753701,0.40638088120350835,0.6755000000000001,0.14376923784314918,inf,,0.42000000000000004,0.3481621389525288,0.46143723124250646,0.3776399960344687,1907.6,754.8196075884622,,
390,PL,2000,0.2,0.0,16,SybilRank,0.03578560000000001,0.0015055460936152047,0.08575000000000002,0.00405817077018698,0.08532264766695273,0.004998592867133522,0.08525,0.0052081666639999125,0.08528605200142665,0.005102520634434347,125.4,0.4898979485566356,,
391,PL,2000,0.2,0.0,16,SybilBelief,0.6279666999999998,0.15239609904639942,0.582625,0.16524999999999998,inf,,0.78675,0.39421092070108865,0.5829761175750153,0.3069312806117319,166.6,66.08963610128293,,
392,PL,2000,0.2,0.0,16,SybilSCAR,0.5963618,0.014267066767909934,0.433875,0.029896697141992123,0.42722296689879274,0.04600537319883974,0.5385,0.2735923061783719,0.4539288416849866,0.14443867276942846,92.0,43.28048058882896,,
393,PL,2000,0.2,0.0,16,SybilGCN_L2_noDropout,0.932882,0.005643710942279031,0.784875,0.054305846830705065,0.8832947861825241,0.056164150743965635,0.67375,0.173527735535274,0.7445769297794592,0.10366840443316615,10981.8,259.80023094677955,,
394,PL,2000,0.2,0.0,16,SybilGCN_L4_noDropout,0.9408678,0.00381382980218048,0.853,0.023678840765544263,0.9208493119602148,0.0215566490348192,0.77475,0.07231614619156637,0.8388127180369102,0.033172989881198135,19222.2,391.8037263732952,,
395,PL,2000,0.2,0.0,16,SybilGCN_L8_noDropout,0.6640677,0.3141833971422742,0.6371249999999999,0.1748314366754446,inf,,0.33025000000000004,0.4001057672666067,0.34259606748850774,0.41058724757433174,9275.0,13597.24766267056,,
396,PL,2000,0.2,0.0,16,SybilRGCN_L2_noDropout,0.9340654,0.014103933899448091,0.5752499999999999,0.0755403451805722,0.9755092462217216,0.0307786920878238,0.15975,0.1648889778002156,0.24072014055560992,0.21473099386368277,12135.8,114.3860131309768,,
397,PL,2000,0.2,0.0,16,SybilGAT_L2,0.8922888,0.08409619919449392,0.7215,0.09501036127707335,0.7916803381811366,0.1288618138162974,0.65525,0.2591095328234761,0.6761237782097197,0.15923619585431695,2928.0,1437.209935952295,,
398,PL,2000,0.2,0.0,16,SybilGAT_L4,0.9662493,0.004549104698729165,0.8744999999999999,0.023996744570878772,0.9025138120397379,0.04073832866128245,0.8467499999999999,0.09351002620040272,0.8685311046399822,0.034396106269934966,2829.8,1025.903582214235,,
399,PL,2000,0.2,0.0,16,SybilGAT_L8,0.7766479000000001,0.3710552017799238,0.81325,0.1569899479266109,inf,,0.7027500000000001,0.3533760390858441,0.711989668188765,0.35616980075300564,1708.0,306.8765223994824,,
